date,zoo_strict_ret,zoo_extended_ret,benchmark_ret,zoo_strict_nav,zoo_extended_nav,benchmark_nav
20210906,0.0050998438980231825,0.00736797969901163,0.017080113867425695,1.0050998438980232,1.0073679796990116,1.0170801138674257
20210907,0.036828991896302336,0.024872294354862472,0.012594962015194167,1.0421166579039183,1.0324235326137485,1.0298901992679952
20210908,0.0271660118920412,0.01564405711495328,-0.004146100691016952,1.0704268114254303,1.0485748253247797,1.0256201708011385
20210909,0.016966291372919495,0.009262780449002658,-0.0003965107057889439,1.0885879846014594,1.0582875437161146,1.0252135014233428
20210910,-0.021127649332485055,-0.019071932822912547,0.00971836572788587,1.0655886793952432,1.0381039547750357,1.0351769011793412
20210913,0.013009228987507582,0.011790061688731202,-0.005303476723629963,1.0794511665319917,1.0503432644411492,1.0296868645790973
20210914,-0.016931022314537424,-0.017793735704642284,-0.013033175355450233,1.061174954743985,1.0316537339945322,1.0162667751118342
20210915,0.004279194075817228,0.0032027644007428697,-0.010604241696678618,1.0657159283237312,1.0349578778476634,1.0054900366002442
20210916,-0.014346716497711375,0.004347144968710325,-0.011324570273003043,1.0504264040329754,1.0394569897791759,0.9941032940219603
20210917,-0.016220943570275037,-0.01078333671066315,0.007977091429740124,1.0333874966084295,1.0282481750621346,1.0020333468889793
20210922,0.03579936483253372,0.014673594324676,-0.006696428571428714,1.0703821126128934,1.043336271648085,0.9953233021553476
20210923,0.030567029748862717,0.019295144068853645,0.005924412665985868,1.1031005144917823,1.0634675953217954,1.0012200081333875
20210924,-0.0419586328100599,-0.023799927365300944,0.0014216084484159897,1.0568159250516334,1.0381571437977855,1.0026433509556731
20210927,-0.060983288146638545,-0.04602170618601296,0.00648955587102007,0.9923678149762533,0.9903793807510134,1.0091500610004067
20210928,0.029597263656867302,0.012700735575653963,-0.0018134193028411794,1.0217391868406946,1.0029579273855118,1.0073200488003253
20210929,-0.03796268292684581,-0.0333288170670479,-0.006661283811061569,0.9829512260567281,0.9695305260977346,1.0006100040666939
20210930,0.03518647651510554,0.01665592295386934,0.002844950213371167,1.0175378162878674,0.985678951841843,1.0034566897112647
20211008,-0.009047844692279329,0.021843495620246366,0.014387031408308104,1.0083312921575738,1.0072096257093694,1.0178934526230174
20211011,-0.0030728896571592616,-0.0017234445335830254,-0.00019976028765489318,1.0052328013589127,1.0054737557857685,1.0176901179341193
20211012,-0.030101832266599748,-0.01803563707972032,-0.010389610389610282,0.9749734521835225,0.987339396033233,1.0071167141114272
20211013,-0.017269139249538525,-0.00561163409751007,0.01130627902281467,0.958136499873162,0.9817988086126378,1.0185034566897113
20211014,0.004979676759068009,-0.006029213922511562,-0.005390297464563765,0.9629077099335951,0.9758793335666452,1.0130134200894674
20211015,0.009879219621541258,-0.0014694865710992186,0.004817342432757776,0.9724204866753043,0.9744452919909558,1.0178934526230174
20211018,0.019199627196195324,0.0099454560662819,-0.011586096683979141,0.991090597497413,0.9841365948314471,1.0061000406669378
20211019,0.020231508627984663,0.012470008806134974,0.00949878738884391,1.0111418554717964,0.9964087868354349,1.0156567710451403
20211020,-0.027029709032712648,-0.02040940305650729,-0.002802802802802873,0.9838109853275966,0.9760726782958651,1.0128100854005693
20211021,0.0029019158129839125,-0.00814530350053823,0.004416783778357747,0.986665921982906,0.968122270092562,1.0172834485563236
20211022,-0.013524844737553379,-0.010138282453877923,0.006596042374575228,0.9733214185802523,0.9583071730684741,1.023993493289955
20211025,0.012643106150097786,0.0020203695572571165,0.003375694996028633,0.9856272245935263,0.9602433077074428,1.0274501830012197
20211026,-0.019383236810375504,-0.012248020585602978,-0.00336433801701963,0.9665225786924768,0.9484822279074546,1.023993493289955
20211027,-0.012231529735563119,-0.02185350966184951,-0.013105639396346236,0.9547005290311067,0.9277545623757865,1.010573403822692
20211028,-0.04205683371852746,-0.025835099310779732,-0.004225352112676051,0.9145488476306552,0.903785931120779,1.0063033753558355
20211029,0.001342074115790947,0.015496683960824972,0.00646595271772088,0.9157762399666869,0.9177916160635977,1.0128100854005693
20211101,0.022768250931969637,0.020029326439089484,-0.003212206384260341,0.9366268631957839,0.9361743639447949,1.0095567303782023
20211102,-0.016312531764975494,-0.013891904819021061,-0.010473313192346345,0.9213481077379734,0.9231691187868662,0.9989833265555101
20211103,0.014689379628740775,0.008011954338112987,-0.004070832485243203,0.9348821398627585,0.9305655076129427,0.9949166327775516
20211104,0.004944596269011357,0.011525771651580103,0.009605558961782279,0.9395047546034893,0.9412909931605262,1.0044733631557543
20211105,-0.018977186880271012,-0.0027353087162251565,-0.00344129554655892,0.9216755973004757,0.93871627170243,1.0010166734444894
20211108,-0.0031958261883458855,-0.0004361913692697481,-0.0008125126955108586,0.9187300822894634,0.9383068117665203,1.0002033346888977
20211109,-0.0008146793373916108,-0.0037759303248436995,-0.0004065867046146865,0.917981611874782,0.9347638306219637,0.9997966653111019
20211110,0.004709241665335106,0.004377001592535231,-0.0050844010575553655,0.9223046091294342,0.9388552933972404,0.9947132980886538
20211111,0.0013042385488004626,0.002738137469190392,0.01635322976287812,0.9235075143543972,0.941426008254239,1.0109800732004879
20211112,0.00950569375168382,-0.0019462184899745698,-0.0004022526146421068,0.9322860939632287,0.9395937875500318,1.010573403822692
20211115,0.024148730627347417,0.020306480917963776,-0.0012072434607645066,0.9547996197139685,0.9586736308675539,1.0093533956893044
20211116,-0.01242499840526492,-0.0031600947695238774,-0.0008058017727639033,0.942936235961675,0.9556441313409689,1.0085400569337126
20211117,0.004251918625313511,0.013538785084400706,-0.00020161290322584513,0.9469455241058435,0.9685823918523631,1.0083367222448147
20211118,-0.008841257037347616,-0.013548617322587223,-0.008872756604153986,0.9385733353268579,0.9554594396797591,0.9993899959333061
20211119,0.012079854204639064,0.011773133599087562,0.011190233977619535,0.9499111643779681,0.9667081913116183,1.0105734038226921
20211122,0.028720892367931853,0.011078054723740554,0.002615694164989968,0.9771934606891645,0.9774174375568567,1.0132167547783653
20211123,0.0007770647234082839,0.0074693741785359325,0.0006020469596628164,0.9779528032554112,0.9847181341265946,1.013826758845059
20211124,0.006824786703384,0.008886066431061396,0.002206177296430134,0.9846271225436058,0.9934684048823145,1.0160634404229363
20211125,0.007874222218246674,0.014629677132631885,-0.0038022813688214363,0.9923802953086269,1.0080025268872137,1.0122000813338756
20211126,-0.01978433432707767,-0.007067476714375558,-0.008437123342707853,0.972746711766637,1.0008784925004066,1.0036600244001628
20211129,-0.009142547365712917,0.0007381556535560438,-0.0014181523500809146,0.963853328879469,1.0016172966181685,1.0022366815778774
20211130,-0.0020658700232502715,-0.001714015751896131,-0.0036518563603167298,0.9618621331805268,0.9999005087943933,0.9985766571777145
20211201,0.009419744076235585,0.03731646620753573,0.0026471187130931995,0.9709226283117094,1.0372132623417172,1.0012200081333877
20211202,-0.006742643535174286,-0.004525160183020106,0.002030869212022779,0.964376043128769,1.0325197061856681,1.003253355022367
20211203,0.00116433847659545,-0.004542891565442844,0.00912038913660318,0.9654989032616906,1.0278290811212838,1.0124034160227737
20211206,-0.00669668260988241,-0.0006667380308968539,-0.0010042177144004016,0.9590332635463575,1.0271437883836385,1.011386742578284
20211207,-0.004984127564321294,-0.003937137059435803,0.005629272215520675,0.9542533194224151,1.023099782509024,1.017080113867426
20211208,0.0010979040377838256,0.002519457176342798,0.014394242303078952,0.9553009979948777,1.025677438598181,1.0317202114680768
20211209,0.0004276294538849484,0.012579128072613983,0.01655498620417828,0.955709512838946,1.0385795664594981,1.0488003253355027
20211210,0.000782689537370995,0.004130175417674815,-0.0029081039162466293,0.956457536675411,1.0428690822541884,1.0457503050020338
20211213,0.001366635858701717,0.0027998097705926876,0.002527707563678705,0.9577646658423571,1.045788917300133,1.0483936559577067
20211214,-8.617467976321729e-05,0.010957990084405891,-0.006012412723041205,0.9576821307789896,1.0572486618862893,1.042090280601871
20211215,-0.0010586361306971217,0.007558193875436839,-0.008975609756097569,0.956668293873624,1.0652395522473719,1.0327368849125664
20211216,0.03588773730758193,0.02647526380674522,0.005316007088009389,0.9910009542946531,1.0934420504105,1.0382269215128104
20211217,-0.00862729781135705,0.0005508760418298814,-0.014296905601253296,0.982451293930614,1.0940444014392003,1.0233834892232618
20211220,-0.01233321242963199,-0.0065528253654225915,-0.01490164911583558,0.9703345134208009,1.086875319534551,1.0081333875559173
20211221,0.045365062598350644,0.01984942996817982,0.004235578862444411,1.0143537993634757,1.108449175073795,1.0124034160227737
20211222,-0.016233939316332435,0.00022855260754179132,0.000602530628640352,0.9978868413393178,1.1087025140230857,1.0130134200894676
20211223,-0.002616544882664407,-0.021293151005237168,0.007627458851866553,0.9952758256311333,1.0850947439721061,1.0207401382675887
20211224,-0.020645538704950388,-0.019912951540887264,-0.004581673306772727,0.9747278200509643,1.0634873049181182,1.0160634404229365
20211227,0.000961665149833224,0.013577156719165293,0.0008004802881729223,0.9756651818260802,1.0779264387258343,1.0168767791785283
20211228,-0.008618758251020564,-0.007197359213141712,0.005198960207958292,0.9672561594899832,1.070168214940982,1.0221634810898743
20211229,-0.004999410834817364,-0.0009491402301010732,-0.013328028645315348,0.9624204485661851,1.069152475235206,1.0085400569337133
20211230,0.00990841619168683,0.006017256547129769,0.007258064516129092,0.9719565109219689,1.0755858399666949,1.0158601057340386
20211231,0.012034877934934674,0.0019594924844369595,0.0024019215372297342,0.9836538888889798,1.0776934423364766,1.0183001220008137
20220104,0.04249444380715515,0.025396182004186498,-0.0035942492012780436,1.025453713796062,1.105062741142772,1.0146400976006509
20220105,-0.009640749726012966,-0.0022597801386733144,-0.009418837675350678,1.0155675711857437,1.1025655423083496,1.0050833672224484
20220106,-0.0017181397410257926,0.01734146824030054,-0.011329152336637782,1.0138226841819924,1.1216856476431396,0.9936966246441644
20220107,-0.01486321188786106,-0.02089847390874128,0.0024554941682013443,0.9987540228102754,1.0982441294020597,0.9961366409109396
20220110,0.022499054057989555,0.005789876296021824,0.0026536027760766245,1.0212250435601182,1.1046028270541297,0.9987799918666125
20220111,-0.003972699816479186,0.0018867755879064228,-0.009161237785016207,1.017168023016983,1.106686964702548,0.9896299308662059
20220112,-0.0013485092273351818,0.008116864243926778,0.010684199712348352,1.0157963625521944,1.115669792555562,1.0002033346888979
20220113,0.00670998509082077,-0.00834016071834954,-0.016466761536897634,1.0226123410002297,1.106364927177041,0.983733224888166
20220114,-0.028971738730286845,-0.026186869714544873,-0.009094667217858787,0.9929854834344041,1.0773926929723139,0.974786498576657
20220117,0.013792232144202977,0.009774055157107098,0.008552357113058129,1.006680969737755,1.0879231885792895,0.9831232208214721
20220118,-0.0009873490390676972,-0.009997952110258087,0.009513960703205981,1.0056870242496367,1.0770461846402344,0.9924766165107769
20220119,0.021077165647672792,0.010252484744470058,0.010121076009665275,1.0268840562494614,1.088088584217348,1.002521547784298
20220120,-0.012092378948932916,-0.019148437123983186,0.00794979079497904,1.0144665851046757,1.0672533883771382,1.0104913843566417
20220121,0.00712903890352912,-0.0024619617993478097,-0.007056870070568655,1.0216987568562175,1.0646258513047293,1.0033604779498078
20220124,-0.012812889378703951,-0.007021649225138797,0.0004180602006689238,1.0086078437062593,1.0571504220208527,1.0037799430325627
20220125,-0.05858596650548407,-0.049767422912264325,-0.02214793146677807,0.9495175783577159,1.0045387698862622,0.981548293646551
20220126,0.026644021742146907,0.008053382070004464,0.005555555555555758,0.9748165453600295,1.0126287044042885,0.9870013397223654
20220127,-0.018977520015516443,-0.027419311839686746,-0.017212069698257726,0.956316944859003,0.9848631221804094,0.9700130038707903
20220128,-0.017589469808737167,-0.0016561439374446986,-0.015351351351351239,0.9394958368298217,0.9832320470913974,0.9551219934329901
20220207,0.01980515896026478,0.025497251052711136,0.015810276679841806,0.9581027012207434,1.0083017614391578,0.9702227364121677
20220208,0.052891624757367334,0.03145432477458836,-0.0047557284911370346,1.008778309772731,1.0400172125142546,0.9656086205018635
20220209,0.0052490393829141,0.0036481946769966267,0.008470894874022417,1.0140734268493576,1.043811397772934,0.9737881896155846
20220210,0.00565939265083506,0.004522223973933806,-0.002369157872065486,1.019812466548676,1.048531746700208,0.9714811316604324
20220211,-0.005354045102355643,-0.017558391038722514,-0.007772020725388518,1.0143523446068299,1.030121216275131,0.9639307601708436
20220214,-0.0049678110748988535,-0.008024359861832382,-0.010661444734551773,1.0093132337954425,1.0218551529344309,0.9536538656433476
20220215,-0.0037957848408397775,-0.004600403936971031,0.009236859467780967,1.0054820979229429,1.0171542064658572,0.9624626323812013
20220216,0.04908707576643661,0.028389937455828688,0.004576160383525929,1.054838273845482,1.046031150770356,0.9668670157501282
20220217,0.006171979958180685,-0.004847231535741514,0.002169197396963085,1.0613487145307783,1.040960795588974,0.9689643411639028
20220218,0.027094627927386105,0.012775007973274544,0.0051948051948051965,1.0901055630521992,1.0542590780524892,0.9739979221569621
20220221,0.02921238819097101,0.013466701643922876,-0.003660637381567744,1.121950149929217,1.0684564705120194,0.9704324689535451
20220222,0.013664962273576366,-0.006940937259056454,-0.012967365463583125,1.137281556400833,1.0610403811861626,0.9578485164708972
20220223,0.02112027108953618,0.01350382951396199,0.010510181738559332,1.161301251177148,1.0753684896011297,0.9679156784570158
20220224,-0.022185018998173222,-0.03165235677266505,-0.018418201516793187,1.1355377608571806,1.0413305425061927,0.9500884124399308
20220225,0.01647594832913766,0.011071018501943005,0.00772626931567344,1.1542468223308482,1.0528591322089171,0.9574290513881424
20220228,-0.014559887113230885,-0.008291897165858058,0.001314348302299928,1.1374411188969056,1.0441289325545062,0.958687446636407
20220301,-0.0028093614059569796,0.007257179926635453,0.008313279369940973,1.134245635715928,1.05170636408466,0.9666572832087509
20220302,0.021828859490494644,0.011835437827151591,-0.007593838142764042,1.159004924325678,1.0641537693692038,0.9593166442605396
20220303,0.012182051595760468,0.0022362354840538274,-0.006340183646698638,1.1731239821135537,1.0665334677887568,0.9532344005605932
20220304,-0.00274957740228612,-0.00598679594396476,-0.011221122112211379,1.1698983869222543,1.0601483495496964,0.9425380409503421
20220307,0.01726920723700503,0.0007636617867644016,-0.03293279928793946,1.1901016046122528,1.0609579443325488,0.9114976248264768
20220308,-0.014864311521844732,-0.03377352014607603,-0.01886792452830166,1.172411563618649,1.025125659825494,0.8942995564335245
20220309,0.04820628949909048,0.00891009685051626,-0.009380863039399778,1.2289291748665307,1.0342596287384886,0.8859102547784257
20220310,0.03050582985526189,0.017924857023063488,0.014204545454545414,1.2664186791791765,1.0527985847083527,0.8984942072610738
20220311,-0.01751492253629914,0.002450568871315474,0.006535947712418277,1.2442374541148309,1.055378540147804,0.9043667184196429
20220314,-0.04405045815677265,-0.030741961108964648,-0.032467532467532534,1.1894282242052563,1.0229341341113443,0.8750041626267973
20220315,-0.043458193149637794,-0.05946209350139244,-0.047698945349952004,1.1377378227001136,0.9621083289830497,0.8332673868926811
20220316,0.018294035085079853,0.023290908425551496,0.04354392146992203,1.1585516383462118,0.9845167059688542,0.8695511165509832
20220317,-0.0019662128923748183,0.01225883628840102,0.02026049204052116,1.1562736791784134,0.9965857350905223,0.8871686500266907
20220318,-0.00012305511840582546,0.011935389368027799,0.006619385342789386,1.1561313937839126,1.00848037387745,0.8930411611852596
20220321,0.013476511346495258,0.008905254368271453,-0.0014091122592766459,1.1717120116302808,1.0174611481322382,0.8917827659369948
20220322,0.025969477112227968,0.016116158955940426,-0.0009407337723422726,1.202140759898436,1.033858713727031,0.8909438357714851
20220323,-0.016866831045757216,-0.007410106049059449,0.00588512241054584,1.1818644548080108,1.0261977110185694,0.8961871493059215
20220324,-0.0014663664580051305,-0.010917004739357795,-0.006318745611981869,1.180131408413572,1.0149947057438615,0.8905243706887301
20220325,-0.009441037215536173,0.006882935327952556,-0.018134715025907133,1.1689897438675163,1.0219808486617106,0.8743749650026648
20220328,0.005622073689811047,-0.0035005404771277305,-0.005996641880546827,1.1755618903501728,1.018403363334121,0.8691316514682281
20220329,0.0053192339240271565,-0.008052095213901498,-0.004343629343629307,1.1818149790371169,1.010203082486397,0.8653564657234337
20220330,0.004788201084582067,0.016150745866023948,0.029810954920019395,1.1874737468015177,1.0265186157447088,0.8911535683128623
20220331,-0.011389382220968459,0.0025755845412203265,-0.007295834313956084,1.1739491544218297,1.0291625012226957,0.8846518595301609
20220401,-0.009926405186988686,-0.01251707048838575,0.012091038406827792,1.1622960594461158,1.0162804016508877,0.8953482191404117
20220406,0.009433211132108446,0.011829512190394926,-0.0028109627547434624,1.1732602435728887,1.0283025030510762,0.8928314286438822
20220407,-0.01308348014698606,-0.018905021473531087,-0.012215175005872547,1.1579099164688549,1.0088624221496099,0.881925336492254
20220408,0.027177857750335967,0.010601871834388118,0.006658739595719165,1.1893794274663487,1.0195582522477704,0.8877978476508229
20220411,0.0013929809187129176,-0.014577205075733122,-0.031183557760453562,1.1910362103139192,1.0046959425180986,0.8601131521889971
20220412,0.005991643541438819,0.012790853565544203,0.01706900755913221,1.1981724747310665,1.017546861196744,0.8747944300854201
20220413,-0.018116579009661973,-0.022965252554322135,-0.0076720210980580905,1.1764656884253988,0.994178640543503,0.868082988761341
20220414,0.01957956797125069,0.015444064016325618,0.010630587098332756,1.1995003783377682,1.0095327991117204,0.8773112205819495
20220415,-0.028467832198519945,-0.02295511101933856,-0.00047812574707140065,1.1653532028451876,0.9863588616304473,0.8768917554991946
20220418,-0.013416691969201366,-0.002570955150988351,-0.0047835446065535026,1.1497180178872914,0.9838229772344155,0.8726971046716452
20220419,0.014891526950260262,0.002686824716182535,-0.006488824801730186,1.16683907473586,0.9864663371259973,0.8670343260544537
20220420,-0.0284652544819592,-0.010559957511227536,-0.01693275278180939,1.1336247035340097,0.9760492945196906,0.8523530481580309
20220421,-0.036585673151037446,-0.029478750673077293,-0.01673228346456701,1.0921502806545726,0.9472765807219117,0.838091235344363
20220422,-0.011700437449760103,-0.0012706581598176004,0.0025025025025025016,1.0793716446100359,0.9460729160050132,0.8401885607581377
20220425,-0.08197966518600001,-0.08104235963180174,-0.04817773339990006,0.990885118573643,0.8694009345082275,0.7997101802722865
20220426,-0.030978755702488692,-0.032195868212533216,-0.007867820613690069,0.9601887305561186,0.8414098165969475,0.7934182040309624
20220427,0.0386270299345211,0.017575753542157933,0.02802008987575988,0.9972779693940996,0.8561982281614077,0.8156498534169739
20220428,-0.0016239468103674832,-0.015932516525660717,0.006685523270763882,0.9956584430166523,0.8425568357419846,0.8211028994927883
20220429,0.05215282299358559,0.047056548444821544,0.025542784163473664,1.047584841557369,0.8822046523005929,0.8420761536305349
20220505,0.023853125371604757,0.024720622023058095,-0.0037359900373598043,1.0725730141204297,0.9040133000570991,0.838930165509873
20220506,-0.025636126709303243,-0.020045781769803636,-0.024250000000000105,1.045076396425459,0.8858916467271545,0.8185861089962585
20220509,0.04150657494957043,0.026711523506621506,-0.008198821419420965,1.0884539382017193,0.9095551622730266,0.8118746676721795
20220510,0.02007487367665848,0.017445376559759248,0.011624903125807329,1.1103045135139802,0.9254226945807525,0.8213126320341656
20220511,0.010039435178597471,-0.002359321177714305,0.014044943820224809,1.121451343705908,0.9232393252190907,0.8328479218099264
20220512,0.016237138094391423,0.017697362378140322,-0.0050365147318056636,1.1396605040398013,0.9395782261192426,0.828653270982377
20220513,0.036366278621002925,0.0187477443557071,0.007846114907618329,1.1811057154630653,0.957193198504715,0.8351549797650785
20220516,0.02937701759861886,0.0036020613666641345,-0.007785032646911216,1.215803078852053,0.9606410671454824,0.8286532709823768
20220517,0.0024745584974082977,-0.0070210217934321304,0.012401923563654771,1.2188116546920018,0.9538963852773881,0.8389301655098728
20220518,0.0037377067430480297,0.005804422987379781,-0.0034999999999999476,1.2233672152322494,0.9594332033836706,0.8359939099305882
20220519,-0.011159390165034156,-0.006491027817960927,0.002257902659307476,1.2097151831623614,0.9532054957710318,0.8378815028029853
20220520,0.03421024861216711,0.02097802239539933,0.021026282853567002,1.2510998403282592,0.9732018620087342,0.8554990362786927
20220523,0.05508555626236129,0.025138659426190722,-0.007845060063741194,1.3200173709724927,0.9976668521707063,0.8487875949546136
20220524,-0.04838776540358128,-0.04828052656678343,-0.020261922411662914,1.2561446800972236,0.9494989712096793,0.8315895265616613
20220525,0.0014281375241783191,0.012964635562930012,0.004287515762925853,1.2579386274506672,0.9618088793387898,0.8351549797650785
20220526,-0.00708361326195055,0.0010532540871578877,0.0025113008538422132,1.249027876706538,0.9628219084720182,0.8372523051788531
20220527,-0.0028317006278382193,-0.0027838569701448103,0.0025050100200398884,1.2454910036838807,0.9601415499911102,0.8393496305926276
20220530,0.00341260479078569,0.0063574467814044855,0.005747126436781658,1.2497413722499326,0.9662455987977939,0.8441734790443094
20220531,-0.013300408194189253,0.012255154532155896,0.01590062111801238,1.2331193018618425,0.9780870879270763,0.8575963616924673
20220601,0.011851624595867706,0.005853667019546601,-0.0014673514306677848,1.2477337689094277,0.9838124840559194,0.8563379664442025
20220602,-0.008033589187742513,-0.0032292549445851397,0.002694097477345281,1.2377099883943357,0.9806355027272372,0.8586450243993548
20220606,0.023806426231811284,0.020802037283990105,0.020029311187102827,1.2671754399294213,1.0010347190169735,0.8758430927923069
20220607,-0.012963761291635234,-0.004185823569697766,0.001436781609195581,1.2507480800115534,0.9968445642960264,0.8771014880405719
20220608,0.013648605535724445,0.0016089693370495038,0.010043041606886627,1.267819047180196,0.9984484566337832,0.8859102547784256
20220609,-0.002570539874199159,-0.010800310368660328,-0.008049242424242431,1.2645600677661502,0.9876649034150284,0.8787793483715917
20220610,0.0037156616886540404,0.007854675909070933,0.013842482100238751,1.2692587451629505,0.9954226911381173,0.8909438357714848
20220613,-0.0011903485513378902,-0.0006396319107760653,-0.012241054613936209,1.2677478848543728,0.9947859870201547,0.8800377436198563
20220614,0.001707802252002843,0.0010732861026503098,0.009532888465205058,1.269912947547099,0.9958536769951348,0.8884270452749551
20220615,-0.013983854000116777,0.0038191352616987395,0.011567516525023525,1.2521546702957422,0.9996569768884394,0.898703939802451
20220616,-0.008920182814801393,0.004987240616565805,-0.0063010501750291326,1.2409852217242967,1.0046425067662108,0.8930411611852594
20220617,-0.004536992044904134,-0.0034179752616537045,0.014795678722404837,1.23535488164549,1.0012086635312782,0.9062543112920399
20220620,-0.006229960073815991,0.018136956668861913,0.004859986114325476,1.227658670055845,1.0193675416782342,0.9106586946609668
20220621,-0.00949087300547365,-0.012983641283619174,-0.0004606172270842368,1.2160071175242761,1.0061324391809192,0.9102392295782119
20220622,-0.01607151659294927,-0.017957494490330024,-0.011520737327188946,1.1964640389578403,0.9880648214477855,0.8997526025093385
20220623,0.017909485679619804,0.015281659917889589,0.0174825174825175,1.2178920945297358,1.0031640920259808,0.9154825431126487
20220624,0.00048543345234893474,0.0020188279021349973,0.010996563573883122,1.2184833000937718,1.0051893076853826,0.9255497050987671
20220627,0.008776761926100718,0.01492485935950096,0.010876954452753163,1.2291776379296244,1.020191616732261,0.9356168670848856
20220628,0.0145288995015335,0.015988116038069097,0.011656579242322218,1.2470362363006364,1.0365025586816417,0.9465229592365138
20220629,-0.00893098978537806,-0.011419694905326667,-0.01218701528916466,1.235898968412239,1.0246660156929068,0.934987669460753
20220630,0.024701430592158197,0.013048395565488771,0.011215791834903621,1.2664274409993939,1.0380362631881812,0.9454742965296264
20220701,0.0033769579870320254,0.007533670561407746,-0.0033274179236910673,1.2707041132612733,1.0458564864258357,0.9423283084089645
20220704,-0.001616255035073991,0.006755339891068254,0.006231916314266339,1.2686503313401256,1.0529216024689207,0.9482008195675333
20220705,0.016185269637696786,-0.0030169149232511802,-0.0022119000221189067,1.2891837790288188,1.0497450275734188,0.9461034941537587
20220706,-0.02073289108766222,-0.020079370990906717,-0.013079139880292634,1.2624552721462334,1.0286668077189125,0.9337292742124881
20220707,0.01351852240622292,0.0012119052348472958,0.003593890386343057,1.2795218020295964,1.0299134544081008,0.9370849948745275
20220708,0.0070948304281605225,0.003250603309893819,-0.0008952551477169335,1.288599792244131,1.033261294491904,0.9362460647090177
20220711,-0.019255107561447955,-0.01617932963978616,-0.01702508960573479,1.2637876646408108,1.0165438194042873,0.9203063915643301
20220712,0.005485812433430307,-0.004889903691007939,-0.008204193254329861,1.2707205667247132,1.011573018029711,0.9127560200747414
20220713,0.007488766414243083,0.014048001221106388,0.0016084558823528106,1.2802366962266893,1.0257835970222307,0.9142241478643836
20220714,-0.018132312845418476,-0.01080851977181061,0.00022941041523272254,1.257023043934522,1.0146963947322167,0.9144338804057609
20220715,-0.05456272776408464,-0.02369656417028099,-0.014908256880733939,1.1884364377951417,0.990651576501092,0.9008012652162255
20220718,0.03088505070838311,0.028984121755016325,0.010710128055879009,1.2251413574401349,1.0193647424111987,0.9104489621195891
20220719,0.007289619478978697,0.015473005185073708,-0.005067956692006659,1.2340721717438328,1.0351373783560085,0.9058348462092847
20220720,-0.0019496875423763247,0.0016803493304537935,0.002778420930771075,1.2316661166041905,1.0368767707566566,0.9083516367058143
20220721,-0.028041199940636842,-0.01886566735815826,-0.01039021011313801,1.1971287207683847,1.0173153985081602,0.8989136723438281
20220722,-0.0037813836175571063,0.0006681970041030028,0.0006999533364442367,1.192601917835564,1.017995165609671,0.8995428699679605
20220725,-0.006388505689138308,-0.0029353659755374227,-0.004196782466775462,1.1849829736985942,1.0150069772372787,0.8957676842231661
20220726,0.023848624174309996,0.011633870523036268,0.006789978927651763,1.2132431872912883,1.0268154369904356,0.9018499279231128
20220727,-0.005804088961382772,0.004037627332052929,-0.005581395348837281,1.2062014159004582,1.030961335063802,0.8968163469300535
20220728,0.0030879068743286573,0.007442087802052243,0.0007015902712816935,1.209926053544442,1.0386338398398678,0.897445544554186
20220729,-0.012696995168659853,-0.0108678439100375,-0.013788268286982985,1.1945636282881527,1.0273461293888053,0.8850713246129154
20220801,-0.008925552621776188,-0.00406054259695655,0.004265402843601995,1.1839014877638068,1.0231745466686037,0.8888465103577099
20220802,-0.04994731610474704,-0.04780768062892938,-0.016753185464842058,1.1247687859175877,0.9742589447138216,0.8739554999199095
20220803,-0.004838913402732014,-0.0014603042126945629,-0.010799136069114423,1.1193261271644364,0.9728362302726006,0.8645175355579234
20220804,0.013604421919022594,0.018036206777209136,0.007520621057738763,1.1345539120633668,0.9903825056821578,0.8710192443406247
20220805,0.005712812521226315,0.012990829107201831,0.01565133638333749,1.1410354058582086,1.003248395564237,0.8846518595301602
20220808,0.011652874470091482,0.0051320086653081996,-0.0033191085822665833,1.1543317482086042,1.0083970750237292,0.8817156039508756
20220809,0.006928549152501035,0.0035963911098823988,0.0016650808753568835,1.16232959246436,1.012023665299576,0.8831837317405179
20220810,-0.00941900385534078,-0.010195232282971553,-0.010686297791498434,1.1513816055517614,1.0017058489559825,0.8737457673785318
20220811,0.032714954760272266,0.027209903990451204,0.021123379740758397,1.1890490026891969,1.0289621689327482,0.8922022310197489
20220812,0.00817909602190059,0.003472816999359722,0.00023507287259039167,1.1987743486569369,1.0325355662447158,0.8924119635611263
20220815,-0.004821602610126818,-0.0025999715092933718,-0.002350176263219539,1.1929943351284995,1.0298510031901473,0.8903146381473518
20220816,0.018282375760827658,0.009884041288527948,-0.002355712603062443,1.2148051058438576,1.0400300930267106,0.8882173127335771
20220817,-0.013207859328494442,-0.005304702632698348,0.009681227863046038,1.1987601308943352,1.0345130426541462,0.8968163469300533
20220818,-0.006224922473183328,-0.011457219950603708,-0.008652946679139295,1.191297942015575,1.0226603991826895,0.889056242899087
20220819,0.01808632699416514,-0.0036526951444470594,-0.007077140835102691,1.2128441461423445,1.0189249325081766,0.8827642666577629
20220822,0.020399099726566654,0.017993626807222524,0.006414825374198241,1.2375850748322847,1.0372590874883032,0.8884270452749545
20220823,-0.010526095044344244,-0.002447450864337122,-0.003305004721435245,1.2245581367091383,1.0347204468380884,0.8854907896956701
20220824,0.00503487702843523,-0.0096069088349644,-0.018237801989578584,1.2307236363416385,1.0247799818356413,0.8693413840096049
20220825,0.018394580901175572,0.004909404646740612,0.00868516284680343,1.2533622818373138,1.029811041440352,0.8768917554991938
20220826,-0.007970893588237585,-0.0019495522526050398,-0.001435063381965973,1.243371864461278,1.0278033710047545,0.8756333602509291
20220829,0.0062796338135458485,0.013255105118908284,-0.0059880239520957446,1.2511797844641603,1.0414270127289909,0.8703900467164924
20220830,-0.01875186967603365,-0.003711798759495892,-0.0021686746987952255,1.2277178242046005,1.037561445235038,0.8685024538440952
20220831,-0.018360358920989455,-0.018544709678131193,0.0,1.2051764842985078,1.018320169459932,0.8685024538440952
20220901,0.010507218533595928,0.004560233949562982,-0.00821057715527651,1.217839536990583,1.022963947668228,0.8613715474372613
20220902,-0.002585821877243137,0.006844213165911076,-0.005600194789384116,1.214690420872861,1.029965330987111,0.8565476989855794
20220905,0.01669131061130319,0.007875886174652166,-0.0004897159647403448,1.2349651959842245,1.0380772206978035,0.8561282339028246
20220906,0.0165104927709727,0.01405382110183759,0.007104360607545157,1.255355079924925,1.0526661722473831,0.862210477602771
20220907,-0.012461585476595148,-0.01112105104155726,0.0019459985405010372,1.2397113652929626,1.0409594180160993,0.8638883379337907
20220908,-0.020976460929376807,-0.005568990485077477,-0.004369992716678706,1.2137066082751904,1.0351623249218158,0.8601131521889964
20220909,0.0035443552591909082,-0.0002702003730193765,0.014142891977566574,1.2180084156753455,1.0348826236754862,0.8722776395888897
20220913,-0.005069776644353577,-0.002643967288129508,0.00336619379658587,1.2118333850569285,1.0321464278714345,0.8752138951681744
20220914,-0.010057498052762976,-0.007395103130633044,-0.01102324466810456,1.1996453731464451,1.0245135985914107,0.8655661982648107
20220915,-0.009239175704481756,-0.01779604390960457,-0.008965350133268712,1.1885616387608766,1.006281309604891,0.8578060942338445
20220916,-0.04005255912183723,-0.034269064467884656,-0.022004889975550057,1.1409567034544588,0.9717969905332136,0.8389301655098724
20220919,-0.005632185482865482,-0.011660838319240592,-0.00275000000000003,1.1345306236726844,0.9604650229474812,0.8366231075547202
20220920,0.02533266786669578,0.013048190442068938,0.0005013787916769985,1.1632713111467798,0.9729973534798461,0.8370425726374751
20220921,0.006570371835661374,0.00657353177881678,-0.007516913054372298,1.1709144362067714,0.9793933825036504,0.830750596396151
20220922,0.00032966965826786154,-0.007262844815681166,-0.007321383489018007,1.1713004511688165,0.9722802003530213,0.8246683526962044
20220923,-0.017847067217760543,-0.02146739780629858,-0.0020345879959307034,1.1503961732846135,0.9514078745128554,0.8229904923651847
20220926,-0.030748865810134803,-0.029491992492826937,-0.006371049949031482,1.1150227957237924,0.9233489606201057,0.8177471788307481
20220927,0.018777339166697493,0.029472760799043225,0.012823800974608668,1.1359599569376972,0.9505626036705074,0.8282338058996214
20220928,-0.028158911496436546,-0.026660000457662883,-0.014180805267156149,1.1039725610467928,0.9252206042216143,0.8164887835824832
20220929,0.003824717916863562,-0.0005653902007399568,0.0002568713074750928,1.1081949446807542,0.9246974935584648,0.8166985161238608
20220930,-0.0013526855313693582,-0.011092885462676618,-0.00667693888032872,1.1066959054131478,0.9144399301747965,0.8112454700480466
20221010,0.0071608214972678965,-0.007487819121359577,-0.02042399172699061,1.1146207572435685,0.907592769380299,0.7946765992792266
20221011,0.0011516938364058804,0.0024081983068584634,-0.0007917656373713777,1.1159044590996159,0.9097784327508376,0.7940474016550942
20221012,0.019587654898481948,0.025925807277103034,0.016376122556787998,1.1377624105441362,0.9333651730632008,0.8070508192204972
20221013,0.008756162378049196,0.013450107267895106,-0.00857588357588357,1.1477248429585014,0.9459190347610184,0.8001296453550407
20221014,0.006821305550956057,0.015098773365675229,0.023066841415465333,1.1555538248007444,0.9602012518891533,0.8185861089962579
20221017,0.00665891881782447,0.00927666003407528,-0.000256213169356867,1.1632485639097192,0.9691087124672224,0.8183763764548805
20221018,-0.00022823693925692412,0.003973133440550813,-0.0017939518195796422,1.1629830676178974,0.9729591107002551,0.8169082486652383
20221019,-0.005131401902773798,-0.011741778943790727,-0.015147625160462197,1.1570153340918292,0.9615348399010655,0.8045340287239676
20221020,0.0001480196894944612,-0.0017016410279695469,-0.0031282586027111536,1.157186595142322,0.9598986527676677,0.802017238227438
20221021,-0.0051495649939367625,0.0001722018463055381,-0.005753138075313857,1.151227587560524,0.9600639490879405,0.7974031223171336
20221024,-0.028981667191005527,-0.024486271478515755,-0.025775907417148858,1.1178630927567408,0.9365555625938372,0.7768493332621418
20221025,-0.010923884328400652,-0.010216677651326765,-0.004319654427645814,1.105651685636478,0.926987076308259,0.7734936126001023
20221026,0.013566964739433307,0.014848263021802699,0.007592190889370798,1.1206520230696029,0.940751224235096,0.7793661237586713
20221027,0.0083544967930018,0.008025815676045798,-0.006996770721205636,1.1300145068024088,0.9483015201578213,0.7739130776828571
20221028,-0.03036057103855725,-0.03569342756876536,-0.023306233062330484,1.095706621094034,0.914453388534718,0.7558760791243949
20221031,0.007912249004480563,-0.0004002388377666228,-0.010821309655938083,1.104376124715988,0.9140873887732991,0.7476965100106735
20221101,0.025512629054495806,0.030621149126887584,0.03870967741935494,1.1325516631225085,0.9420777950199335,0.7766396007207642
20221102,0.020379632543423416,0.010452115327584173,0.009181744531461034,1.1556326498533882,0.9519245007810382,0.7837705071275982
20221103,-0.015134112815177068,0.0004231908959306576,-0.008027829810008158,1.138143174957605,0.952327346563382,0.777478530886274
20221104,0.01312634763483685,0.017377093721851825,0.03425950903695729,1.1530828379303155,0.9688760281184964,0.8041145636412126
20221107,0.01149742719558594,0.010831059870760695,0.0,1.1663403239098988,0.9793699823863925,0.8041145636412126
20221108,0.00355562910726113,0.004912764657306479,-0.005998956703182179,1.1704873975145653,0.9841813966222871,0.7992907151895308
20221109,-0.0007289950782616484,0.0005389823770253282,-0.010495932826029897,1.16963411796261,0.9847118530508628,0.7909014135344321
20221110,0.008303350314675216,0.0021518041702660957,-0.005568814638027053,1.1793459997840496,0.9868307601227683,0.7864970301655053
20221111,0.01902031214783991,0.01679423826823577,0.026133333333333342,1.2017775288302486,1.0034038310386943,0.8070508192204972
20221114,-0.006254495879815338,0.0013157157656793035,0.000519750519750728,1.1942610162277252,1.004724025278535,0.8074702843032523
20221115,0.0020157294609873064,0.01562658852452625,0.01948051948051943,1.196668323342244,1.0204244342022684,0.8232002249065624
20221116,-0.008725821251936255,-0.0022882143385895668,-0.00738853503184711,1.1862264094549053,1.0180894843804795,0.8171179812066158
20221117,0.0014360879689525228,0.0027559917857118642,-0.004363449691991761,1.1879299349299772,1.0208953306365518,0.8135525280031989
20221118,-0.018148210569542616,-0.010500277025906153,-0.0033513792214487914,1.166371132329005,1.010175646850414,0.8108260049652918
20221121,0.0004004743171332299,0.003931303644735403,-0.008535954474909513,1.1668382340117485,1.0141469540527,0.8039048310998353
20221122,-0.010479019438831522,-0.009180926220786206,-0.0005217845030003332,1.1546109134755675,1.004836145690507,0.8034853660170803
20221123,0.0005304358613906955,-0.005835475897839023,0.000783085356304003,1.155223360510028,0.9989724485810526,0.8041145636412128
20221124,0.003431258869056448,0.005807174100144958,-0.0046948356807513525,1.159187230911519,1.0047736555112108,0.8003393778964183
20221125,0.013931980876728771,0.002763373954202416,0.005503144654088077,1.1753370052451266,1.0075502208607192,0.8047437612653452
20221128,0.009438663762903587,0.0004418957314587933,-0.011727912431587106,1.1864306160457334,1.007995453002548,0.7953057969033592
20221129,0.017891904266513842,0.017571631435826164,0.030590717299578074,1.2076581190468847,1.0257075775916973,0.8196347717031456
20221130,-0.0012308976386783972,-0.0036435283965881903,0.0007676560900717888,1.206171615519819,1.0219703829061462,0.8202639693272781
20221201,0.0056555718343745025,0.013489409565027206,0.01150600869342866,1.212993205735975,1.0357561599644949,0.829701933689264
20221202,-0.0007844309856644416,0.01075878974434646,-0.005813953488372103,1.2120416962799951,1.0468996427159645,0.8248780852375822
20221205,0.011399003427223128,0.022023214018536266,0.01805237732011178,1.225857763729828,1.0699557376034274,0.8397690956753824
20221206,-0.00015250186984875572,-0.004536286335282582,0.005744255744255966,1.2256708181286906,1.0651021120115798,0.8445929441270643
20221207,-0.009359974474883497,0.006036595831833936,-0.002979885771045576,1.2141985705563965,1.0715317029814264,0.8420761536305346
20221208,-0.010202623410098033,0.0014209951122030003,0.0022415940224160824,1.20181055979593,1.0730543442939335,0.8439637465029319
20221209,0.01906695664546561,0.006026887299433969,0.008449304174950267,1.2247254296356218,1.079521521893161,0.8510946529097658
20221212,-0.020395059156183407,-0.01873181529963546,-0.010349926071956506,1.199747082048121,1.059300124133077,0.8422858861719122
20221213,0.003982910106168211,0.009192599112194234,-0.0027390438247012483,1.2045255668260564,1.06903784551373,0.8399788282167601
20221214,-0.0023714215227565636,-0.002231409140040061,0.0024968789013730674,1.2016691289721744,1.0666523846942018,0.8420761536305346
20221215,-0.007119485683926896,-0.008575709234597939,-0.0004981320049812776,1.19311386281164,1.0575050839886737,0.8416566885477796
20221216,0.004607081240914727,0.0005065291710949125,0.000996760528283236,1.1986106353072747,1.058040741162295,0.8424956187132896
20221219,-0.0069565208396210965,-0.01652485118738475,-0.0144386357978592,1.1902724754441683,1.0405567753643978,0.8303311313133963
20221220,-0.010584673666580205,-0.015443714013683663,-0.01591310937105339,1.177673829717279,1.0244867141106693,0.8171179812066157
20221221,-0.008776192413941784,-0.000994707640745503,-0.0007700205338809774,1.1673383375868165,1.023467649348301,0.8164887835824832
20221222,-0.018710154961466458,0.002568330881219512,0.002054970459799854,1.1454972563981065,1.0260962529180513,0.8181666439135031
20221223,0.003559477961451822,0.0026483657031201114,-0.0025634452704434985,1.149574628637159,1.0288137310423797,0.8160693184997284
20221226,0.012479443018990715,0.011518963778672276,0.0023130300693909867,1.163920679711314,1.0406645991452577,0.8179569113721257
20221227,0.013563432981587093,0.016548679215567137,0.01205128205128192,1.1797074398464615,1.0578862237675093,0.8278143408168666
20221228,-0.01661774255415747,-0.012258102680761588,-0.003293640739802317,1.1601033653218689,1.044918545812004,0.8250878177789596
20221229,0.007682475357704257,-0.007698051744430721,-0.0030503304524656105,1.1690158308383438,1.036874708777628,0.82257102728243
20221230,0.0007219004106071565,-0.0011185384590215674,0.004079551249362545,1.1698597438466323,1.0357149245386734,0.8259267479444695
20230103,0.0077185423956151085,0.014632024927858239,0.0027932960893852776,1.178889355876436,1.0508695311326781,0.8282338058996215
20230104,0.009710825739425258,0.0067795300541734155,0.0012661433274248068,1.1903373449774153,1.0579939327020071,0.8292824686065089
20230105,-0.009318238203925761,-0.0049635596638574345,0.01896813353565996,1.1792454980538871,1.0527425166930415,0.8450124092098189
20230106,-0.0009421097971336059,-0.004092246670154671,0.0039712087366592375,1.1781345193169448,1.0484344346345742,0.8483681298718584
20230109,-0.0048627644240702055,0.004020180620049762,0.006180469715698411,1.1724055286896413,1.0526493304300848,0.8536114434062951
20230110,-0.003760611944762052,-0.00025225468000201383,0.0014742014742012977,1.167996566454346,1.052383794710083,0.8548698386545598
20230111,0.008007419576054754,-0.00819687583474289,0.0,1.1773492050253371,1.0437575354143487,0.8548698386545598
20230112,-0.002869444079478904,-0.005908032571283725,0.0014720314033367377,1.173970867319498,1.037590981898598,0.8561282339028247
20230113,0.016649367065415772,0.019777348520542717,0.015188633023027975,1.1935167392136048,1.0581117803693787,0.8691316514682277
20230116,-0.001633580442071736,0.0016272959556450286,0.031402844164637234,1.1915670336111401,1.059833641390194,0.8964248572778383
20230117,-0.016273012980131785,-0.015175055415838433,-0.0009654839488292266,1.1721766478064888,1.043750607150528,0.895559373466805
20230118,0.00571317382332707,-0.00025729923441480593,-0.0021744382701136544,1.1788734967470522,1.0434820509183882,0.8936120348919798
20230119,0.002613671695936644,0.0022973811861935222,0.006779661016949268,1.1819546850385898,1.0458793269502986,0.8996704215692137
20230120,0.009318113191052765,0.008525221478181156,0.005531505531505498,1.1929682725804744,1.054795679852001,0.9046469534826557
20230130,0.002833756329221226,0.01556974008235833,0.005740253527864114,1.1963488539734592,1.071218574427291,0.909839856348856
20230131,0.005484359431736974,0.011735979386961522,-0.010939357907253311,1.2029100610943961,1.0837903735357002,0.8998867925219719
20230201,0.00447180244219264,0.0060237751652716465,0.007453714835297109,1.208289237243336,1.090318883072165,0.9065942920574809
20230202,0.002911415916571106,0.00523097727281551,-0.0023866348448688957,1.2118070697604677,1.096022316369637,0.9044305825298973
20230203,-0.007341023811320124,0.0003824752475989937,-0.0102870813397129,1.2029111652066302,1.0964415177764644,0.8951266315612884
20230206,-0.0009960651367032134,-0.001918845035711055,-0.013778100072516342,1.2017129873324168,1.0943376164131315,0.8827934872540625
20230207,0.0008911010517644683,-0.0009551200404473543,0.002450980392156854,1.2027838350393478,1.09329239262468,0.884957196781646
20230208,-0.007095311684949886,-0.004461351727034679,-0.004156479217603759,1.1942497088401243,1.08841483072069,0.8812788905847542
20230209,0.0045270458294213905,0.00553820584203842,0.013258040756199296,1.1996561320038166,1.0944426960947484,0.892962922033705
20230210,0.0019353301456453236,0.0014894617048404927,-0.005815362248606792,1.2019778626804918,1.0960728265787238,0.8877700191675045
20230213,0.007845018957217712,0.017025382030439795,0.007799171338045419,1.2114074017993761,1.1147338851844106,0.8946938896557718
20230214,-0.0015912275255327384,0.0036381214384273593,0.002176541717049618,1.209479776996999,1.1187894224302415,0.896641228230597
20230215,-0.0081076867179737,-0.009412232482552622,-0.00675675675675691,1.1996736938733825,1.1082591162873072,0.8905828415533631
20230216,-0.020889282997112214,-0.024707576156306674,-0.0070456754130222565,1.1746133705778705,1.0808767197707174,0.884308083923371
20230217,0.0007104944505933464,0.0012924542803195139,-0.014191338390017072,1.1754479268592588,1.0822737035136827,0.8717585686633869
20230220,0.011228276508457775,0.011043149361673306,0.026061057334326065,1.188646181203328,1.0942254136717957,0.8944775187030134
20230221,0.00790553799982337,0.00423904837993483,0.0012094823415578215,1.198043068757176,1.0988638881389046,0.8955593734668051
20230222,-0.00042072237501914833,0.003040436755912301,-0.009664170089393576,1.1975390252319131,1.1022049142941468,0.8869045353564712
20230223,0.0021473562986228005,0.0040275628418081485,0.0,1.2001105682005915,1.1066441138510161,0.8869045353564712
20230224,0.0007933243394491569,0.0010000756765635131,-0.009514515735545293,1.201062645124375,1.1077508417118909,0.8784660681988955
20230227,0.0015325076016418269,-0.002698692022975842,-0.003694581280788145,1.2029032827580763,1.1047613633519182,0.8752205039075203
20230228,0.007738524048948535,0.008694789033571348,0.006427688504326179,1.2122119787402588,1.1143670303387039,0.8808461486792372
20230301,0.004873503270219662,0.0031608822704421633,0.012036354704004104,1.2181196977828488,1.1178894133276667,0.8914483253643964
20230302,-0.00024344544345887087,0.0028479594436069252,-0.0012135922330096527,1.217823152092836,1.1210731170392614,0.8903664706006047
20230303,0.0015198519284570315,-0.0021830044314990063,0.0021871202916159405,1.2196740629590639,1.1186258094567303,0.8923138091754298
20230306,-0.003192575871982739,-0.008465646278774264,-0.00606207565470418,1.2157801609739776,1.1091559190355622,0.8869045353564711
20230307,-0.0160367536888274,-0.021141941078497813,-0.01390583069041229,1.196282993992675,1.0857062099484454,0.8745713910492452
20230308,0.0010585122663736382,0.002907092674589247,-0.003958436417615174,1.1975492742158702,1.0888624585181426,0.8711094558051115
20230309,-0.008551280813946885,-0.0037341150720490456,-0.0024838549428712886,1.187308694083512,1.0847965208004016,0.868945746277528
20230310,-0.007910834828594506,-0.014627124311300872,-0.013695219123505908,1.1779160911140631,1.0689290672381875,0.8570453438758189
20230313,-0.0013993443461715052,-0.0005483536397151714,0.011108305983337674,1.1762677808916981,1.06834291609357,0.8665656657971863
20230314,-0.016448581337719148,-0.018951402431616703,-0.006242197253433224,1.1569198446227626,1.0480963195557138,0.8611563919782276
20230315,0.017473681746293747,0.015027864253191693,-0.0002512562814069863,1.1771354937936724,1.063846968770267,0.8609400210254693
20230316,-0.016538953915780714,-0.017344465383788702,-0.011560693641618602,1.1576669041091892,1.0453951118467826,0.8509869571985852
20230317,0.019847550142174576,0.011333735072161502,0.005339435545385296,1.1806437560364325,1.0572433430901866,0.8555307472065106
20230320,-0.023962635131337836,-0.016207932456492984,-0.005563985837127028,1.1523524204904392,1.040107614395304,0.8507705862458268
20230321,0.0032228226321988815,0.014639005830064498,0.010935910478128141,1.156066247951465,1.0553337558263314,0.8600745372144357
20230322,0.014448226987894016,0.0054271462730550125,0.004528301886792319,1.1727693555149108,1.0610612064860934,0.8639692143640859
20230323,-0.00670861908812581,-0.00442548525897685,0.009516654144753334,1.1649016926305344,1.056365495757917,0.8721913105689032
20230324,0.005384906098632904,0.005545456082679082,-0.0012403870007442475,1.1711745788594883,1.0622235242219,0.8711094558051115
20230327,-0.0009112036786006472,-0.005482787636324068,-0.005216095380029762,1.1701074002749479,1.0563995782162836,0.8665656657971862
20230328,-0.013568815420474683,-0.009331443629235998,-0.001997503121098587,1.1542304289384855,1.0465418451022097,0.8648346981751195
20230329,-0.014369246569788977,-0.009372123505944362,0.0,1.137645007306715,1.0367335256757728,0.8648346981751195
20230330,-0.004491991724700847,-0.0020300485681724306,0.01075806855141348,1.1325347153482461,1.0346289062663983,0.8741386491437284
20230331,0.005889669644347079,0.006797027929197881,0.0024752475247524774,1.139204970682402,1.0416613078386463,0.8763023586713119
20230403,0.003307353504693097,0.0028880942746972726,0.007407407407407307,1.142972724234752,1.044669723897989,0.8827934872540623
20230404,-0.005428695494427238,-0.016239542067197434,0.004901960784313708,1.1367678733564457,1.02770476597042,0.8871209063092292
20230406,-0.012258522587953392,-0.0012654701359051269,-0.0029268292682925745,1.122832778703646,1.026404236280557,0.8845244548761292
20230407,0.004715416212578271,0.0039263762445302065,0.007093933463796276,1.1281274025923596,1.0304342854911743,0.8907992125061212
20230410,0.0005715137622510653,-0.014879207565176873,-0.0036434296818069756,1.1287721429285136,1.0151022398750764,0.887553648214746
20230411,-0.00023099837491942195,-0.0024781901182847144,-0.0024378352023405325,1.1285113983978428,1.0125866235351693,0.8853899386871623
20230412,0.002444552415044332,0.00013336186164019412,-0.0009775171065492527,1.1312701036622013,1.0127216639723557,0.8845244548761291
20230413,0.0036047396057478755,0.001341748308630501,-0.0061154598825833295,1.135348037809671,1.014080481552104,0.8791151810571702
20230414,-0.002872618122344184,-0.0017715483363967075,0.005168594634506363,1.132086616461091,1.012283988962038,0.8836589710650954
20230417,0.005725379440845525,0.00628034808245731,0.014936336924583848,1.1385682419002339,1.0186414847710181,0.8968575991833547
20230418,0.009172321851414832,-0.00028686340250036035,0.001688781664656247,1.1490115562647423,1.0183492738087687,0.8983721958526631
20230419,-0.0030383007826003897,-0.008993901443142471,-0.007947976878612706,1.1455205135541262,1.009190340805437,0.8912319544116376
20230420,-0.00715994243064464,-0.00715050381705355,-0.0038844379703812937,1.1373186526239563,1.0019741214213742,0.8877700191675039
20230421,-0.011008524799619557,-0.013392529264089808,-0.017791859614915806,1.1247984520314755,0.9885551536783778,0.8719749396161445
20230424,0.0005236626704610227,-0.0014039342885685065,-0.012655086848635144,1.1253874669925967,0.9871672872019875,0.8609400210254687
20230425,-0.008048687019338675,-0.011410862949150296,-0.004775069112842534,1.1163295754952869,0.9759028565798412,0.85682897292306
20230426,0.009212498282696858,0.014891471003389911,-0.002272727272727315,1.126613759792461,0.9904354856707253,0.8548816343482348
20230427,0.0029375090953334794,0.004910328188598085,0.008858516831182106,1.1299231979587792,0.995298848955002,0.8624546176947772
20230428,0.013072013019196228,0.01733455487690069,0.00978424485699958,1.144693568713188,1.0125519114711286,0.8708930848523528
20230504,0.003998368202922652,0.010611233004290968,0.0,1.1492704750804208,1.0232963357326887,0.8708930848523528
20230505,-0.00019447207603962013,-0.0021906278479436997,-0.003975155279503206,1.149046974065201,1.021054674282934,0.8674311496082192
20230508,0.002867467375758426,-0.004452881072325061,0.01122474432526821,1.152341828776547,1.0165080392500105,0.8771678424823449
20230509,-0.0032643107730838234,-0.0075603751360259755,-0.008633448445979242,1.1485802269305965,1.0088228571444944,0.8695948591358027
20230510,0.004649099485405728,0.0054486877412305845,-0.007713361532719731,1.1539200906725668,1.0143196178792908,0.8628873596002937
20230511,0.0073157917173537704,0.009643701076540532,-0.0012537612838515733,1.1623619297143974,1.0241014130701893,0.861805504836502
20230512,-0.009944379425951277,-0.012714858461042035,-0.012804418779814086,1.1508029616550366,1.0110801085532488,0.8507705862458264
20230515,-0.00752225366053525,-0.002658972095454665,0.016022380467955122,1.142146329864172,1.0083916747583366,0.8644019562696023
20230516,-0.009559079118228155,-0.010924393169543493,-0.004255319148936176,1.1312284627324065,0.997375607634382,0.8607236500727103
20230517,0.008002138101570754,0.01403555216706801,-0.006787330316742057,1.1402807091156189,1.0113743250054956,0.8548816343482349
20230518,-0.0020905778576128633,-0.0033404806746783,-0.00025310048089088877,1.1378968635136786,1.007995848617949,0.8546652633954767
20230519,-0.005988378557236884,-0.0003127135230463719,-0.0015189873417722488,1.1310827063358662,1.0076806346849114,0.8533670376789265
20230522,-0.009097274856160164,0.00042846987999925067,0.005070993914807254,1.1207929360712792,1.0081123954855324,0.8576944567340935
20230523,-0.0032685540179845816,-0.0047664054461431914,-0.014379414732593188,1.1171295638167547,1.0033073230733658,0.8453613124268677
20230524,-0.012105626435304061,-0.008505926850319348,-0.013565395444074868,1.1036060106373549,0.994773264374914,0.8338936519306751
20230525,-0.004337025127463324,-0.004128025103821859,-0.00233523611831854,1.098819643638401,0.9906668153669635,0.83194631335585
20230526,-0.008556680691003838,-0.0021708737438564064,0.0013003901170351995,1.0894173948107846,0.9885162027885736,0.8330281681196419
20230529,-0.007039204888361162,-0.006497941252064217,-0.004155844155844246,1.0817487625597668,0.9820928825761398,0.8295662328755082
20230530,0.016904600134113455,0.00164825603801049,0.0010432968179447943,1.1000352928364119,0.983711623099733,0.8304317166865417
20230531,-0.008542738935683403,-0.010865450048399996,-0.009379885356956885,1.0906379785096725,0.9730231535969124,0.8226423623872411
20230601,-0.01448031606208764,0.0032870864364519564,0.002104155707522537,1.0748451958715362,0.9762215648074546,0.824373330009308
20230602,0.016328279869788444,0.015383060910398982,0.013910761154855678,1.092395569046424,0.9912388406009326,0.8358409905055005
20230605,0.001329134118230857,-5.239103394005795e-05,-0.004659590991457407,1.093847509267848,0.9911869085731919,0.8319463133558502
20230606,-0.0018489467235980996,-0.014310676872301831,-0.009622886866060054,1.0918250434994712,0.9770023530045452,0.8239405881037911
20230607,0.001718440815551836,0.0026578919284982604,-0.0031512605042015585,1.0937012802176624,0.9795991196727198,0.8213441366706911
20230608,0.010534162634969358,0.0006305090292736562,0.008429926238145313,1.1052225073775495,0.9802167657627421,0.8282680071589581
20230609,-0.006100173916819141,-0.0074932598474926285,0.004179728317659448,1.0984804578657634,0.9728717468300131,0.8317299424030917
20230612,-0.004489771259884812,0.00767924911839028,0.0010405827263268996,1.0935485318764926,0.9803426713341643,0.8325954262141253
20230613,0.004016864964783662,0.0006110685861524604,0.007536382536382336,1.0979411686614777,0.9809417279442814,0.8388701838441173
20230614,-0.005833114774544313,0.002185261279568862,0.0,1.091536751808978,0.9830853419198715,0.8388701838441173
20230615,-0.0027649039338887953,0.0008952001194497288,0.016765540366262766,1.0885187575499171,0.9839654000353875,0.8529342957734101
20230616,0.0018632376446983132,0.002016409795113559,0.00938609842719429,1.0905469266759444,0.9859494775060718,0.860940021025469
20230619,-0.012655508846682274,-0.011375159709979907,-0.007539582809751311,1.076745500397675,0.974734144733469,0.8544488924427184
20230620,-0.01191384226114336,-0.011157327276946518,-0.001772600658394352,1.063917324350541,0.9638587168726631,0.8529342957734101
20230621,-0.009841100626073906,-0.007218609349033272,-0.013952308472856556,1.0534472069037841,0.9569009973278989,0.8410338933717008
20230626,-0.014633302245223322,-0.01125816175985344,-0.01131978389503463,1.0380317955257747,0.9461280511118164,0.8315135714503336
20230627,0.020354444740950495,0.01692214084999077,0.006765547749154166,1.0591603563471537,0.9621385632548577,0.8371392162220505
20230628,0.009650655635687011,0.006766760716129496,0.002067717756526255,1.0693819482092315,0.9686491246881639,0.8388701838441173
20230629,-0.010164954846348186,0.0016046669896635584,-0.004642765024503448,1.0585117289921848,0.9702034839631176,0.8349755066944671
20230630,0.01498538598900847,0.016957592420523932,0.005960093288416735,1.0743739358250255,0.9866557992091364,0.8399520386079091
20230703,0.008212502584162751,0.006476725704708759,0.011591962905718622,1.0831972345493457,0.9930460981855741,0.8496887314820347
20230704,-0.0035720422267080387,-8.043276419096774e-05,0.0017825311942958333,1.0793280082876822,0.992966224742928,0.8512033281513431
20230705,-0.000954132577054345,-0.004126940025571917,-0.00686324351804779,1.0782981862736476,0.9888683126859953,0.8453613124268677
20230706,0.008398594449589458,0.0014472096350245224,-0.00716662400819057,1.0873543754358879,0.9902994124358848,0.8393029257496338
20230707,-0.001995092969210055,-0.0008728158085089451,-0.002835782418148969,1.085185002366416,0.9894350634535537,0.8369228452692921
20230710,0.00023165601429255846,0.00399451158958007,0.004136504653567741,1.0854363919988343,0.9933873732816558,0.8403847805134257
20230711,0.0044344884631106534,0.009889364031201787,0.006694129763130885,1.0902497471565937,1.0032113426400375,0.8460104252851428
20230712,-0.0012835433161926253,-0.010872419186477657,-0.004859335038363222,1.0888503643806502,0.992304008390226,0.8418993771827341
20230713,0.004420722194819039,0.00971431185456908,0.016191210485736462,1.0936638693533047,1.0019435589822676,0.8555307472065102
20230714,-0.0006921338265672982,-0.004698229348186041,-0.0005058168942843055,1.0929069075944309,0.9972361983482311,0.8550980053009936
20230717,-0.002234409402290694,0.0006077163300006653,-0.00708502024291513,1.0904649061242735,0.9978422350708351,0.8490396186237597
20230718,0.004344642121336406,1.1896835347247493e-05,-0.001529051987767538,1.0952025858872603,0.9978541062356083,0.8477413929072096
20230719,0.005852542737946376,0.011155033169782756,-0.0005104645227157478,1.1016123058278748,1.0089852018892704,0.8473086510016928
20230720,0.01261430401212522,0.0022212282005745843,-0.007150153217568844,1.1155083783570858,1.0112263882736694,0.8412502643244592
20230721,0.025285167117075916,0.011011344219294186,0.0005144032921811093,1.1437141941243432,1.0223613501185844,0.8416830062299758
20230724,-0.0038035377565415864,0.0010977175057895908,-0.004370179948586128,1.1393640340042985,1.0234836140698522,0.8380047000330839
20230725,0.016106712053995453,0.012503299432966962,0.028918151303898743,1.1577154424246845,1.0362805361613028,0.8622382467420189
20230726,0.016808611686813357,0.0035206661732490718,-0.0022584692597240608,1.1771750317402283,1.039928933990962,0.8602909081671937
20230727,0.010693317326955443,-0.0020012511896030133,-0.001006036217303663,1.1897629379039953,1.0378477749747101,0.8594254243561604
20230728,0.0027405261447457363,0.008417713215530849,0.02416918429003001,1.1930235143413708,1.046584079905824,0.8801970358209618
20230731,0.013948140543100652,0.012461913066116048,0.003933136676499416,1.2096639739906279,1.0596265197259913,0.8836589710650953
20230801,-0.00428137142220082,-0.0020026506477083188,-0.004407443682663992,1.2044849532219184,1.057504457989933,0.8797642939154451
20230802,-0.004924437440791208,-0.003216608967854505,-0.007132316773241443,1.1985535424214027,1.0541028796668166,0.873489536285453
20230803,0.0036754971130668946,0.001074575456156571,0.008917513004706557,1.2029588225064285,1.0552355927495705,0.8812788905847536
20230804,-0.003329117559045636,-0.005882634430106202,0.005155904738521899,1.1989540311676135,1.0490280275197883,0.8858226805926789
20230807,-0.007320406812923586,-0.010760258611734113,-0.007572056668295191,1.190177199909472,1.037740214652718,0.87911518105717
20230808,0.01265559599013162,-0.0007423275349208408,-0.0036918533103618145,1.205239601708192,1.0369698715172866,0.8758696167657948
20230809,-0.009816826203800979,0.002408936968291896,-0.0019762845849802257,1.1934079740042844,1.0394678665757895,0.874138649143728
20230810,0.004867490833876898,0.00821470725008713,0.0012376237623761277,1.1992168763788258,1.0480067907955821,0.8752205039075196
20230811,-0.016771193681349605,-0.015472429103553714,-0.023485784919653807,1.1791045778791334,1.0317915800249546,0.8546652633954765
20230814,-0.002608461599151868,0.003263622789407529,-0.0068354430379746756,1.1760289288663515,1.035158958539443,0.8488232476710011
20230815,-0.004193745189712427,-0.007520927102974378,-0.0010196278358399757,1.1710969632029555,1.027373603472277,0.8479577638599677
20230816,0.0012335568993396386,0.0027389577724275687,-0.007655014034192331,1.17254157794171,1.030187536388694,0.8414666352772173
20230817,0.0029001061119002807,0.014377842730823423,0.003342761635382052,1.175942072938356,1.0449994107701452,0.844279457663076
20230818,-0.014148624516292398,-0.017311764439609356,-0.012813941568426634,1.1593041100954407,1.0269086271313619,0.8334609100251584
20230821,0.0013601000655862894,-0.007618184552666576,-0.01349948078920038,1.160880879691616,1.0190854476911497,0.8222096204817243
20230822,-0.0033459666544820577,-0.0020689207413199405,0.0060526315789475316,1.156996610978342,1.0169770406712442,0.8271861523951665
20230823,-0.008911659994536358,-0.02387811140408369,-0.01438660737640618,1.1466858505664723,0.9926935495987008,0.8152857499934572
20230824,-0.004001458631670318,-0.0060692156904653535,0.006104033970276257,1.1420974345719088,0.9866686783316526,0.8202622819068994
20230825,0.000667758968546006,-0.006578518047408173,-0.001846478501714599,1.1428600803767976,0.9801778606244355,0.818747685237591
20230828,0.02181576349436483,0.014589867464961642,0.014006342494714774,1.1677924455974487,0.9944785257030356,0.8302153457337836
20230829,0.025037678835027433,0.026011910895365562,0.005733646077664689,1.197031257796289,1.0203468125009776,0.8349755066944672
20230830,-0.015070800055403422,-0.004595607546047201,-0.00025913449080061657,1.178991039049973,1.015657698989863,0.8347591357417089
20230831,0.003934105908761421,0.0045584311012037415,-0.004924831518921757,1.1836293146630763,1.0202875046331152,0.8306480876393002
20230901,0.023876869704387186,0.017679809988288754,0.005991143526960396,1.2118906775875797,1.038325993848454,0.8356246195527425
20230904,0.028164897033829298,0.023113291433908594,0.01501812532366631,1.2460234537380914,1.062325125147676,0.8481741348127265
20230905,-0.008193451131424624,-0.006092171721695841,-0.006887755102040871,1.2358142214612793,1.0558532580610043,0.842332119088251
20230906,0.001320866769571483,-0.0021779018951052576,-0.0025687130747495956,1.2374465673997712,1.0535537132493202,0.8401684095606675
20230907,-0.005442225603303986,-0.014524089927551623,-0.01364924027813541,1.2307121040079476,1.0382518043745812,0.8287007490644751
20230908,-0.011571559641138762,-0.009570443340005475,-0.005483028720626781,1.2164708454953483,1.0283152743081558,0.8241569590565496
20230911,0.025682832960522983,0.012871298653296708,0.007351010763980259,1.2477132630215515,1.0415510273135227,0.8302153457337835
20230912,0.019318889646001414,0.0017817924358631751,-0.0013031013812876413,1.2718176978597173,1.0434068550555555,0.8291334909699917
20230913,0.0079732252117809,0.0006236222352564637,-0.006524008350730637,1.2819581867930816,1.044057546770787,0.8237242171510331
20230914,-0.008197500415630611,-0.009142900924638351,-0.0007880220646178104,1.2714493340240243,1.034511832061041,0.823075104292758
20230915,0.0028756615207543358,0.0026508692899439024,-0.0044689800210305775,1.2751055919494658,1.0372541877067352,0.819396798095866
20230918,0.006037948610792765,0.011792181778113966,0.003432796408766814,1.282804613986991,1.0494856776382828,0.8222096204817245
20230919,0.007472549567542177,-0.0021379420670808763,-0.001315789473684159,1.292390435050481,1.047241938059261,0.8211277657179328
20230920,-0.0016372909348601806,-0.001684147436136397,-0.004743083003952542,1.2902744159068726,1.045478228234264,0.8172330885682825
20230921,-0.016035634950446843,-0.013542690241968141,-0.009266613714588257,1.269584046387489,1.0313196404345657,0.8096601052217403
20230922,0.014869149526965298,0.011855769973473394,0.020042757883484752,1.2884616814102743,1.0435467288606832,0.8258879266786164
20230925,-0.007654974192483444,-0.00906455869857527,-0.0073356038773905174,1.278598540491075,1.0340874382822194,0.8198295400013828
20230926,0.0001784050452623199,-0.003993817816943991,-0.005542359461599422,1.2788266489215634,1.02995748144693,0.8152857499934574
20230927,0.00017744968130424229,0.007189960611814459,0.002653927813163648,1.2790535763028579,1.037362835170377,0.817449459521041
20230928,0.026824360460269415,0.013361545767947333,-0.0037056643726840477,1.3133633704816023,1.0512236061704734,0.814420266182424
20231009,0.012242538715624309,-0.011227382401598705,-0.002656748140276277,1.3294422723924064,1.0394211167544098,0.8122565566548405
20231010,0.012065598745074893,-0.005357988204842877,-0.007192328183271202,1.3454827894058337,1.0338519106709751,0.8064145409303651
20231011,0.003003977598608598,-0.00016395149524975718,0.002146498524282281,1.3495245895645223,1.033682409104354,0.808145508552432
20231012,0.014770235637840658,0.013479102699987835,0.009638554216867545,1.3694573857514505,1.0476155204558424,0.8159348628517326
20231013,-0.004876781428930532,-0.010820306954307144,-0.009281357730045015,1.362778841404906,1.036279998954414,0.8083618795051905
20231016,-0.0045935109563375095,0.001865706952036758,-0.011509635974304211,1.3565189018658477,1.0382133937527198,0.7990579285365813
20231017,-0.00940725246047356,0.000990710127521396,0.0032493907392363575,1.3437577860885912,1.039241962276439,0.8016543799696815
20231018,-0.022354917142353294,-0.015974757461614354,-0.0075573549257759165,1.3137181921211887,1.0226403239851407,0.7955959932924478
20231019,-0.021967643208531354,-0.01571702247943826,-0.02094098449823223,1.2848588996001136,1.0065674630246861,0.7789354299300549
20231020,0.006621952495842276,-0.0029664231609400744,-0.0050000000000001155,1.2933671741971255,1.003581557989321,0.7750407527804045
20231023,-0.01218316502824337,-0.02333619867553275,-0.010608598548296988,1.2776098684717692,0.9801617793649816,0.7668186565755873
20231024,0.025113347645009564,0.03147296811559083,0.0014108352144468483,1.3096949292533957,1.0110103797950565,0.767900511339379
20231025,0.055199585552785146,0.023701081805244658,0.005635390250774863,1.3819895465487675,1.0349724195125305,0.772227930394546
20231026,-0.00974851804463459,-0.008041830891255888,0.0036424768842813204,1.3685171965167404,1.0266493463376969,0.7750407527804045
20231027,-0.01833665691956226,0.01090327653876596,0.015075376884422065,1.343423166195692,1.03784318806916,0.7867247842293553
20231030,0.012123861980843609,0.013672373757110669,0.004400440044004528,1.3597106432445165,1.052032968037713,0.790186719473489
20231031,0.0007132241472381337,0.0009582844986438399,-0.0021905805038334725,1.360680421708535,1.0530411149230456,0.7884557518514222
20231101,-0.001589614874810952,0.001144691758127671,-0.0005488474204171645,1.3585174638703232,1.0542465224082676,0.7880230099459056
20231102,-0.004167524188646454,-0.009184008900364296,-0.004667764964305321,1.3528558094789451,1.044564312963292,0.7843447037490137
20231103,0.013506448658431314,0.007952496360339232,0.007724137931034436,1.3711280870119331,1.0528712068602728,0.7904030904262473
20231106,0.0035381226011322433,0.008875359213240563,0.013139885026006048,1.3759793062856371,1.062215817026436,0.8007888961586481
20231107,-0.004059708407534534,0.005656628817991631,-0.0029721696838693745,1.3703932315273157,1.068224377627954,0.7984088156783061
20231108,-0.0161531231698391,-0.002369628829718124,-0.0029810298102982413,1.3482571008673412,1.0656930823461193,0.7960287351979641
20231109,0.001727766803392128,-0.0025562929320295247,0.0008154389779833071,1.3505865747286576,1.0629688586520052,0.7966778480562393
20231110,-0.0030237192898849856,-0.0038689439729594098,-0.007332971211298278,1.346502780049991,1.0588562916928799,0.7908358323317638
20231113,0.014059918630267456,0.010284499005975651,-0.001367989056087593,1.3654344995729226,1.0697460981722664,0.789753977567972
20231114,0.0023772618680312,-0.0014143746225319426,0.0,1.3686804949420515,1.068233076438459,0.789753977567972
20231115,0.00269354811257887,0.006690052050288799,0.006849315068493178,1.3723671017059262,1.0753796113216725,0.7951632513869308
20231116,0.004157371624958705,0.001519768491667065,-0.009795918367347056,1.3780725417535853,1.0770139393715403,0.7873738970876302
20231117,-0.006554094940358723,0.00031706698427417076,-0.0013740038472107585,1.3690405234802308,1.0773554249333182,0.7862920423238384
20231120,0.0010016741634686355,0.01196715002423205,0.0030269675288938647,1.3704118560013425,1.0902482989329154,0.7886721228041803
20231121,-0.0033510551684317043,0.009135222496120601,0.00137174211248281,1.365819530268409,1.1002079597196845,0.789753977567972
20231122,-0.015562094506364409,-0.012552679775628128,-0.010684931506849127,1.3445645176597338,1.0863974015147262,0.7813155104103966
20231123,0.013208281039688031,0.014690364687181674,0.005261700360010835,1.3623239036849761,1.1023569755381841,0.7854265585128051
20231124,-0.008886766179549997,-0.008500573539934393,-0.00688705234159781,1.350217249692116,1.0929863090003622,0.7800172846938463
20231127,-0.0064194411783567995,-0.0066747598294337115,-0.006657420249653323,1.3415496094797148,1.0856908878909257,0.7748243818276459
20231128,-0.0008986354224467701,0.004775427940948366,0.0011170064227870036,1.3403440454796667,1.0908755264921932,0.7756898656386794
20231129,-0.008031937685428226,-0.009663401664300646,-0.007531380753138084,1.3295784856293393,1.0803339581139437,0.769847849914204
20231130,0.000864491847851112,-0.002513828018180992,0.0011242270938729426,1.330727895391244,1.0776181843410446,0.7707133337252373
20231201,0.004122683883376688,0.004523329716749212,-0.003930376193149732,1.3362140658387334,1.082492606697584,0.7676841403866206
20231204,-0.00534234856447009,-0.0020587703754364473,-0.006764374295377795,1.329075544542275,1.080264002987286,0.7624912375204201
20231205,-0.016557664563582607,-0.014159392051071322,-0.018728717366628733,1.307069157496083,1.0649681214503295,0.7482107546383692
20231206,0.00014114485543217405,0.0018415367752696345,0.0014459224985541308,1.307253643583358,1.06692929941047,0.7492926094021609
20231207,-0.00030705979578302654,-0.0033995779026890446,-0.0025989026855328667,1.3068522385465227,1.0633021901404627,0.7473452708273357
20231208,-0.011303815803307814,-0.01860266503494262,0.002026635784597497,1.2920798215598521,1.0435219356663588,0.7488598674966441
20231211,0.00995279975153629,0.012140744575536003,0.006934412019647285,1.3049396332868382,1.0561910689462528,0.7540527703628443
20231212,0.011670090968082114,0.01019266093915185,0.0022955523672885114,1.3201683975151512,1.0669564663989823,0.7557837379849113
20231213,-0.0083487537820927,-0.006879288730062977,-0.01660463784712296,1.3091466366133975,1.059616564804216,0.743234222724927
20231214,0.003460160117599931,0.003066270713525205,-0.004657933042212403,1.3136764935934973,1.0628656360444413,0.7397722874807935
20231215,-0.0030952397847824557,0.0003566519202974584,-0.0020473822755191495,1.309610349846193,1.0632447091145547,0.7382576908114851
20231218,-0.014891022778226893,-0.010191471888511496,-0.004103165298944722,1.2901089122960319,1.0524086805510051,0.7352284974728683
20231219,-0.0005811906100631203,0.004653053037455398,0.0005885815185402432,1.2893591131102466,1.0573055939586873,0.735661239378385
20231220,-0.0052531707727570655,-0.008290558281870435,-0.009117647058823453,1.282585889501668,1.0485399403102251,0.7289537398428763
20231221,0.0006868086668478045,0.00827242336382174,0.00920154348471347,1.2834667806065545,1.0572139066103479,0.735661239378385
20231222,-0.007059070974464987,-0.002214629444419595,0.0017647058823531125,1.2744066975088848,1.0548725695637187,0.7369594650949353
20231225,0.012534761988204246,0.0027053650333486168,0.002642395772166628,1.290381082138332,1.057726384928055,0.7389068036697602
20231226,0.0015863336297656568,-0.009801706174777436,-0.005856515373352855,1.2924280570441413,1.0473588616896805,0.7345793846145933
20231227,0.038704409936020756,0.02421805126771887,0.002945508100147265,1.3424507223767925,1.0727238522977809,0.7367430941421768
20231228,0.00025222743241855,0.009776839961548878,0.02466960352422909,1.3427893252756462,1.0832117017246323,0.754918254173878
20231229,0.021764245776587088,0.01123453377111345,0.002866150759530006,1.3720141221771232,1.095381080168923,0.7570819637014615
20240102,0.004583515023746187,0.00594850143064189,-0.013146613318090972,1.3783027695189138,1.101896956091406,0.7471288998745774
20240103,0.017414718596554832,0.0029586843520612496,-0.002896032435563023,1.4023055243909377,1.1051571213729776,0.7449651903469942
20240104,-0.004572661614252738,0.0017984557292339833,-0.008713331397037671,1.3958932557481007,1.1071446975296146,0.7384740617642436
20240105,-0.016474632200451266,-0.010708424982143876,-0.004980955171403512,1.3728964277685602,1.0952889215917405,0.7347957555673517
20240108,-0.013606240740706932,-0.013689718444909096,-0.01383981154299152,1.3542164684602847,1.0802947246393215,0.7246263207877095
20240109,0.003453312860724411,0.009803210060793677,0.0023887727679903215,1.3588930016070233,1.090885080752528,0.7263572884097762
20240110,0.0022444611408583225,-0.0009762755463849956,-0.00476616026213883,1.3619429841437145,1.0898200763242731,0.7228953531656426
20240111,0.013156623893609543,0.00782141621354677,0.005686920083807223,1.3798615557506337,1.0983440127390847,0.7270064012680512
20240112,0.006790618101406842,-0.005033718073215001,-0.003273809523809401,1.3892316686085493,1.0928152586315525,0.7246263207877094
20240115,0.005672148418379419,0.0053291762865122815,-0.0011943863839951607,1.39711159682041,1.0986390637933905,0.723760836976676
20240116,-0.004853392904277065,-0.0045210663063688285,0.006576980568011814,1.3903308653099185,1.0936720437392136,0.7285209979373596
20240117,-0.034625377565571734,-0.01570141813894232,-0.022275022275022316,1.3421901341574944,1.0764998416735925,0.7122931764804834
20240118,-0.03279223113021628,-0.021869206459569687,0.03565622091219356,1.298176725057506,1.0529576443823385,0.7376908593353196
20240119,0.009948036247509284,0.004670719321414083,0.0021419828641371375,1.311091034174051,1.0578757139965858,0.7392709805150465
20240122,-0.04536132784449727,-0.05278756600179649,-0.02106870229007629,1.2516182039389008,1.0020330299222935,0.7236955003148822
20240123,0.010182876449389556,0.00011800256654234231,0.006862133499688117,1.2643632774714175,1.0021512723915846,0.7286615954511665
20240124,0.017896713520127783,0.016108245543866716,0.01579925650557601,1.2869912248336932,1.018294171159367,0.7401739069034617
20240125,0.03703910276702592,0.03397528268522512,0.01707837755413233,1.3346602250705688,1.0528910034812233,0.7528148763412763
20240126,0.001443983261406112,-0.003725563764443116,-0.0017991004497750485,1.3365874520952352,1.0489683909107455,0.7514604867586534
20240129,-0.018306234825751402,-0.020099484940070106,-0.009011715229798711,1.312119568332027,1.0278846665350254,0.7446885388455385
20240130,-0.021342475715700318,-0.024814198570342526,-0.01697484086086687,1.2841156883088054,1.002378532312215,0.7320475694077241
20240131,-0.03300318114315857,-0.049978216793992204,-0.00647548566142464,1.241735785638778,0.9522814407146714,0.7273072058685436
20240201,-0.013055061903490374,-0.0184391762183175,-0.0012414649286157653,1.2255248480894845,0.9347221554199003,0.7264042794801283
20240202,-0.024382348757408124,-0.036966705566095166,-0.009322560596643825,1.1956436738324971,0.900168556714387,0.7196323315670135
20240205,-0.06262890225188689,-0.08249090695983624,0.006273525721455453,1.1207618230559548,0.8259128360542903,0.72414696350909
20240206,0.006234946798330944,0.0129005343993315,0.032107231920199375,1.127749713396309,0.8365675530066582,0.7473973180107846
20240207,0.012866325390290756,-0.01061926752191043,0.008758683177287896,1.142259708167673,0.8276838183611305,0.7539435343267957
20240208,0.05217448683193145,0.0654171144932997,0.006586826347305452,1.2018565222701132,0.8818285054711121,0.75890962946308
20240219,0.02771163738843696,0.03358181751364168,0.00803093396787613,1.2351619344081906,0.9114419094201704,0.7650043825848833
20240220,0.010350206930835461,0.013421164529718395,0.0035408675125407907,1.2479461160224063,0.9236745212457793,0.7677131617501295
20240221,0.007650960182336598,0.019315048980394406,0.01411349603057932,1.2574941020657955,0.9415153398655839,0.7785482784111134
20240222,0.023595100904672164,0.018760520266445556,0.00753841693244417,1.287164802291068,0.9591786574803016,0.784417299935813
20240223,0.012359324080236454,0.023780261736508473,0.0008633093525181046,1.3030732892272567,0.9819881770072559,0.7850944947271246
20240226,-0.0029290137761176288,0.005233990396083497,-0.010063254744105743,1.2992565696118192,0.9871278936947794,0.7771938888284905
20240227,0.021674097819131963,0.017192800604975408,0.011908219575951229,1.3274167835937356,1.004099386742683,0.7864488843097476
20240228,-0.04313541282922362,-0.05156969906847936,-0.010332950631458115,1.2701581126369796,0.9523182835335183,0.7783225468140096
20240229,0.02193035086269677,0.029070598140055453,0.01595127610208813,1.2980131256982093,0.9800027456555486,0.7907377846547202
20240301,0.004031848572576348,0.0033267332648898107,0.007707679132172407,1.303246518066241,0.9832629533892043,0.7968325377765236
20240304,0.01416291774752807,0.002572339926761558,-0.0008498583569404028,1.3217042913063652,0.9857922399427129,0.7961553429852122
20240305,-0.019623872849018786,-0.01992340041009913,0.008222285228239201,1.2957673343497667,0.9661519064251658,0.8027015593012232
20240306,0.013287997581526947,0.006780010310459186,-0.003937007874015852,1.3129854875548281,0.9727024263121982,0.7995413169417696
20240307,-0.004390373919283831,-0.0022729454701606823,-0.005364201016374692,1.3072209903138692,0.9704915267384976,0.7952524165967969
20240308,0.020740677446612298,0.011108287533738652,0.0028384899233604433,1.3343336392254104,0.9812720256665659,0.797509732567835
20240311,0.020517802226563568,0.020382650194250434,0.013586187376167791,1.3617112329392882,1.001272950111131,0.808344849228819
20240312,0.0011798644114902061,0.017726827457283902,0.0013962580284836434,1.3633178675617597,1.0190223429353966,0.8094735072143381
20240313,-0.005818706008214059,-0.004878449140062794,-0.005856107083100914,1.3553851216946724,1.0140510942627987,0.8047331436751577
20240314,9.99131108836448e-06,-0.002233836779546876,-0.00364656381486661,1.355398663769068,1.0117858696320947,0.8017986329128081
20240315,0.00042841274976719254,0.007431919293543515,0.0025337837837835497,1.355979333837644,1.019305380557548,0.8038302172867423
20240318,0.009120184568856394,0.016861075068034415,0.00870541982589157,1.3683461156337984,1.0364919650963802,0.810827896796961
20240319,-0.003517678008923242,-0.002929921546174726,-0.006403118040089084,1.3635327145942377,1.0334551249554074,0.8056360700635729
20240320,-0.004044146439254903,0.003724233432211042,0.0008405715886803389,1.3580183886217039,1.0373039530824562,0.8063132648548844
20240321,-0.0014386038329434968,-0.0015515572776477428,-0.0005599104143336753,1.356064738162625,1.0356945165849183,0.8058618016606768
20240322,-0.008025057029305581,-0.01531954273542082,-0.008683473389355711,1.3451822413034396,1.0198281501772546,0.798864122150458
20240325,0.010390590132667611,-0.007807205116007655,-0.005368748233964382,1.3591594786265666,1.011866142625742,0.7945752218054852
20240326,-0.02010767265807374,-0.007825151988322112,0.0031250000000000444,1.3318299447402253,1.0039481362678584,0.7970582693736274
20240327,-0.03168434022769848,-0.02053918601436254,-0.010761823845936047,1.289631791645639,0.9833278587482802,0.7884804686836818
20240328,0.013140301788050479,0.008263630996333315,0.004866876610363446,1.306577942583327,0.9914537173213905,0.7923179058344468
20240329,0.0150752159381508,0.014740285097793052,0.004558404558404616,1.3262748872077956,1.0060680277759746,0.7959296113881081
20240401,0.0019423287662817305,0.009037436834531256,0.016449234259784395,1.3288509490732163,1.0151603040282413,0.8090220440201303
20240402,-0.012028961878194577,-8.539688682399554e-05,-0.0033482142857141906,1.312866251665012,1.0150736124986501,0.8063132648548844
20240403,0.005804023768342947,0.007397877571765466,-0.00391937290033606,1.320486158594331,1.022583002810245,0.8031530224954306
20240408,-0.024187230234485196,-0.01687548485622185,-0.008150646430578945,1.288547255854959,1.0053264188320907,0.7966068061794196
20240409,0.011329925957934518,0.015465838347057,-0.0017001983564747247,1.3031464008570954,1.0208746347117734,0.7952524165967968
20240410,-0.013533711973061014,-0.020319503841573737,-0.0073800738007381295,1.2855099928091644,1.0001309686499824,0.7893833950720971
20240411,0.005096238474620063,6.703491974631632e-05,-0.0008578781812981218,1.292061258294027,1.0001980123492016,0.7887062002807858
20240412,-0.01693784306903219,-0.01851903441696343,-0.00801373783629089,1.2701765274654664,0.9816753109347283,0.7823857155618784
20240415,-0.013040039258756853,-0.037296449280181616,0.021061742642815906,1.2536133756817653,0.9450623074908446,0.7988641221504581
20240416,-0.03879232021221146,-0.05373290941205211,-0.009042102288782217,1.204982804190007,0.8942813601336942,0.7916407110431355
20240417,0.04264734504676633,0.050907568240847585,0.01311662389506707,1.2563721216157184,0.9398070495012182,0.8020243645099118
20240418,-0.0039128471535122555,-0.006452781998727405,0.0016887137630170468,1.2514561295359021,0.9337426794899195,0.8033787540925347
20240419,-0.004289577067971506,-0.005341043357003529,-0.007867378477100173,1.2460879120210726,0.9287555193544792,0.7970582693736276
20240422,-0.018844891412721054,-0.01671643375181136,-0.0019824412347777542,1.2226055206283313,0.9132300392435609,0.7954781481939007
20240423,-0.04396247395776407,-0.020806801991012116,-0.007094211123722993,1.1688567572670896,0.894228642644776,0.789834858266305
20240424,-0.00424724493554678,0.006233045588471692,0.004001143183766764,1.1638923363244074,0.8998024105408979,0.7929951006257586
20240425,-0.0016926303052711813,0.002747006900319617,0.002846569883290906,1.1619222968838718,0.902274173971578,0.7952524165967971
20240426,0.011228021056466721,0.01227864955061748,0.014192449616803549,1.1749683848992623,0.913352882352348,0.8065389964519885
20240429,0.034847163071891535,0.03415396013143013,0.012034704729918966,1.2159126998121639,0.944547500282137,0.8162454551274533
20240430,-0.005632263883493294,-0.007766296022343425,-0.004977876106194823,1.2090643586275311,0.9372118647877813,0.8121822863795842
20240506,0.02292827299978022,0.03255813157821493,0.0138966092273487,1.2367861163164473,0.967725731998206,0.8234688662347759
20240507,0.00101876260348841,0.012333788270669069,0.0005482456140348813,1.238046107760264,0.9796614562807502,0.8239203294289834
20240508,-0.011673011872009443,-0.001990207940728049,-0.007945205479451989,1.2235943808462835,0.977711726271235,0.8173741131129724
20240509,0.010956505163085373,0.03152208066501662,0.00966583816625266,1.237000698997548,1.0085312341738897,0.8252747190116067
20240510,0.003291452424953434,-0.007056796746965672,0.000547045951859948,1.2410722279479325,1.0014142342413581,0.8257261822058143
20240513,-0.01985852368107766,-0.02417861538008982,-0.0008201202843084454,1.2164263657193006,0.9772014246354892,0.8250489874145027
20240514,0.0006161287513032133,0.006162540045038094,-0.0016415868673050893,1.2171758409770634,0.9832234675468736,0.8236945978318797
20240515,-0.0010088360368537552,0.0032797135592560625,-0.0071252397917236365,1.215947910125498,0.9864481588851659,0.8178255763071802
20240516,0.009552248081851157,0.018764050356159433,0.003312172232955879,1.227562946217625,1.004957921812228,0.820534355472426
20240517,0.019692711937751416,0.013689080066046248,0.011279229711141703,1.2517369897029462,1.0187148712669232,0.8297893509536831
20240520,0.00147090531587002,0.00015645019177943178,0.0021762785636563198,1.2535781762951717,1.0188742494039014,0.8315952037305139
20240521,-0.018066270021892337,-0.016968909222696005,-0.0032573289902281255,1.2309306944686718,1.001585064756424,0.8288864245652678
20240522,0.007682366696949928,-0.003339927727837755,0.002178649237472685,1.2403871554421113,0.9982398430268558,0.8306922773420984
20240523,-0.02497916847553634,-0.031766075263001486,-0.01005434782608694,1.2094033157114314,0.9665296810427378,0.8223402082492567
20240524,-0.0038702589516919073,-0.0033561785732714104,-0.01125446060938795,1.2047226117025933,0.9632858348367913,0.8130852127679995
20240527,-0.0031579724277293057,0.003921771850528999,0.008328706274292053,1.2009181309117745,0.9670636221078674,0.8198571606811145
20240528,-0.015064967314108736,-0.01791827630288147,-0.006332599118942683,1.182826338522668,0.9497355089244733,0.8146653339477264
20240529,0.007034259116464648,-0.0003333713978708584,0.0002770850651150347,1.1911466454776156,0.9494188942702556,0.8148910655448303
20240530,-0.011168257137942452,-0.011328487308924658,-0.0038781163434902233,1.1778436134519241,0.9386634143756617,0.8117308231853767
20240531,-0.005373172857224718,-0.00021030857391198953,-0.0038932146829812053,1.1715148561180688,0.938466005411601,0.8085705808259229
20240603,-0.016118361983497167,-0.021625728011009933,0.0013958682300392322,1.1526319555981133,0.9181709948309907,0.8096992388114422
20240604,0.0003899394040694608,-0.006139304150062356,0.006969612489545529,1.1530814122159905,0.9125340638319579,0.815342528739038
20240605,-0.018688247931528502,-0.021150440692736937,-0.003599114064230413,1.131532340899261,0.8932335662347778,0.8124080179766882
20240606,-0.025780129302490074,-0.032449603420187274,0.0,1.1023612908409288,0.8642484912488596,0.8124080179766882
20240607,0.016303807871303432,0.025296067116821756,-0.006390664073353758,1.1203339775315613,0.8861105790891028,0.8072161912433
20240611,-0.009841638124390829,-0.006079706654089109,-0.006991051454138697,1.1093080559462363,0.8807232867051561,0.8015729013157042
20240612,0.014451977564122843,0.012416201191231688,-0.0011264432554209947,1.1253397510824719,0.8916585242266901,0.800669974927289
20240613,-0.020068144015067717,-0.017626193130522865,-0.0036650690724556734,1.1027562708918683,0.8759419788721935,0.7977354641649391
20240614,0.004013424942326572,0.003632569956487356,0.005659309564232995,1.1071821004147726,0.8791238993882707,0.8022500961070156
20240617,-0.017648677113840126,-0.018047439003802398,-0.002813731007315634,1.087641801018329,0.8632579644372761,0.7999927801359773
20240618,0.007376117328058384,0.006591187550079544,0.003103837471783333,1.095664374553541,0.868947859584982,0.8024758277041195
20240619,-0.011022415410843124,-0.0061990852515496865,-0.002812939521800284,1.0835875066663503,0.8635611777242631,0.8002185117330812
20240620,-0.02510797721340899,-0.024754910274759172,-0.006488011283497852,1.0563808162402368,0.8421837982529337,0.7950266849996931
20240621,-0.0024705571052901837,-0.0034777184329283627,-0.0017035775127768327,1.0537709671087823,0.8392549201338358,0.7936722954170701
20240624,-0.03315241449891167,-0.03533036393652219,-0.004835039817974951,1.0188359152202728,0.8096037383699906,0.789834858266305
20240625,0.0019106289633087587,0.007251582539190582,-0.0060017147756501465,1.020782532628752,0.8154746467028178,0.7850944947271246
20240626,0.01628611786724128,0.022899732497772912,0.006037952846463579,1.037407117271965,0.8341487979710281,0.7898348582663051
20240627,-0.019534514205549462,-0.01864429769734163,-0.005430122892254974,1.0171418732026778,0.8185966794577766,0.7855459579213322
20240628,-0.0034199751227995457,0.0012677362168492406,0.0020114942528737245,1.0136632732999669,0.8196344441153177,0.7871260791010591
20240701,0.041358317533356996,0.025131413966522347,0.0040149125322626045,1.0555866808290089,0.8402330166316002,0.7902863214605127
20240702,0.019688035266118335,0.017011564540581482,-0.0014281633818910011,1.0763691086276153,0.8545266948231561,0.7891576634749935
20240703,-0.012362881176196418,0.010347833624659424,-0.0017162471395880674,1.0630620852359236,0.8633691948890162,0.7878032738923706
20240704,-0.023851187007875183,-0.037522889599388334,-0.004297994269340966,1.03770679263998,0.8309730879056829,0.7844172999358131
20240705,0.005857237141242555,0.007558218718910301,-0.004892086330935075,1.0437848874075506,0.8372537642536023,0.7805798627850481
20240708,-0.03218490776725831,-0.03291267961944835,-0.006940427993059717,1.0101907670774803,0.8096974993505464,0.775162304454556
20240709,0.018504697062800713,0.010551311631096691,0.010774606872451908,1.0288840411978875,0.8182408699931136,0.7835143735473977
20240710,-0.019725216255197096,-0.01817197060565491,-0.002304811293575293,1.0085890809837381,0.8033718209552533,0.7817085207705671
20240711,0.03251368629559783,0.033482939784698545,0.013283280392722974,1.0413820299640089,0.8302710712610216,0.7920921742373432
20240712,-0.001723719725821837,-0.0021274442042548297,0.0028498147620403813,1.0395869792168435,0.828504715882507,0.7943494902083815
20240715,-0.009224728701209096,-0.010923876095134873,0.001989201477692548,1.0299970713722586,0.8194542330219715,0.7959296113881084
20240716,0.0006042007731617226,-0.006544588741574138,0.007090187180941676,1.030619396399136,0.8140912420743006,0.8015729013157042
20240717,-0.011779049794049135,-0.00892431235946356,0.0014080540692762433,1.0184796792102377,0.8068260375409259,0.8027015593012233
20240718,0.0016624573128774188,0.002386081227796829,0.0059055118110233895,1.020172858200958,0.8087511900032001,0.8074419228404036
20240719,-0.004427941127052404,0.0024366777369203957,0.006429969247973455,1.0156555928454274,0.8107218560225888,0.812633749573792
20240722,-0.007583622388147116,-0.00575027996256763,-0.008055555555555483,1.007953244352878,0.8060599783786865,0.8060875332577809
20240723,-0.020855975431826802,-0.01823236733104746,-0.019602352282274027,0.9869313962522243,0.79136359676203,0.7902863214605126
20240724,-0.020849716490537795,-0.017718104359326376,-0.006283918880319761,0.9663541564447548,0.7773421339684286,0.7853202263242284
20240725,0.001765523776543554,0.006823791746153352,-0.005748778384593423,0.9680602776845196,0.7826465548061395,0.7808055943821517
20240726,0.015051223556545468,0.015474064908009033,0.004336513443191636,0.9826307693401608,0.7947572783952394,0.7841915683387092
20240729,-0.0030165624808481837,-0.0014063849734719366,-0.005757052389176676,0.9796666022288424,0.7936395437013468,0.7796769363966326
20240730,0.0019066909062041906,0.004641691781671437,-0.00665894614939222,0.9815345236304241,0.7973233738489548,0.7744851096632444
20240731,0.046157993034111125,0.04069929012464449,0.022442436607403193,1.026840187334897,0.8297738691643939,0.7918664426402394
20240801,0.0038426650060825462,0.00011674020608116417,-0.007126567844925824,1.030785990189608,0.8298707371368809,0.7862231527126436
20240802,-0.0107031803309513,-0.007525320917627936,-0.010335917312661591,1.0197533018539904,0.8236256935197774,0.7780968152169057
20240805,-0.015088456238275086,-0.007182872638794651,-0.011314186248912228,1.00436679878513,0.817709695061186,0.7692932829298561
20240806,0.020230105665880196,0.016303086781936187,0.0,1.024685245251855,0.8310408871821992,0.7692932829298561
20240807,-0.0036304236232818756,-0.00017559556583924603,-0.0020539906103285155,1.0209652037310641,0.8308949600873788,0.7677131617501294
20240808,0.0068428046104878956,0.012499398105797952,0.0011761246692150173,1.0279514691343028,0.8412806469776121,0.7686160881385448
20240809,-0.00648479570710041,-0.008099878504601414,-0.0035242290748900285,1.0212854138601533,0.834466375948821,0.7659073089732986
20240812,-0.007893107368348917,-0.010075467443273691,-0.0011788977306218529,1.0132242984348263,0.8260587371454421,0.7650043825848833
20240813,0.0018456671597116615,0.001422112210588371,0.0014753614635587553,1.0150943732478692,0.8272334853621999,0.7661330405704027
20240814,-0.0076855396294097655,-0.006390370787474786,-0.007071302298173099,1.0072928252146818,0.8219471566629203,0.7607154822399108
20240815,0.016981675209266432,0.00733474643177712,0.011275964391691318,1.0243983448131018,0.8279759306373631,0.7692932829298563
20240816,-0.01345130551433904,-0.006633508482059696,0.0005868544600942105,1.0106188497086375,0.8224835452785388,0.7697447461240642
20240819,-0.006104475943717413,-0.00796393380463027,0.0026392961876831045,1.0044495512523237,0.815933340768543,0.7717763304979985
20240820,-0.02139208275907154,-0.01627713150346789,-0.004679730915472247,0.9829622833246218,0.8026522864827895,0.7681646249443373
20240821,-0.006675558200753607,0.0005593423838203192,-0.004407875404055295,0.9764004613931426,0.8031012439260897,0.7647786509877799
20240822,-0.011500521130114905,-0.01343228119329724,-0.002656434474616387,0.9651713472554369,0.7923137621909877,0.7627470666138453
20240823,-0.006156262734143093,0.000830729424420283,0.004143237644273379,0.9592294988582656,0.7929719605466129,0.7659073089732988
20240826,0.008136673743541035,0.012211718029548306,0.0002947244326556575,0.9670344363356557,0.8026555105341462,0.7661330405704028
20240827,-0.006591281335379296,-0.0079044171928794,-0.005008839127872755,0.9606604403047674,0.7963109865167207,0.7622956034196376
20240828,0.0053266463317315,0.004149207825989836,-0.005922416345868986,0.9657775387151563,0.7996150462938977,0.7577809714775611
20240829,0.006990029280586585,0.009386138845206456,-0.0029788501638366993,0.9725283519893081,0.8071203441411284,0.7555236555065228
20240830,0.01843979969561411,0.019674317116315135,0.013444876008365636,0.9904615799982965,0.8229998857427905,0.7656815773761951
20240902,0.005398629560312052,-0.003297071746087097,-0.017688679245282946,0.9958087151624287,0.820286396072475,0.7521376815499653
20240903,0.004812250236147065,0.007704981338764214,0.0036014405762303525,1.0006007958871266,0.8266066874466556,0.7548464607152112
20240904,-0.014002337048962431,-0.007558644405844085,-0.006279904306220052,0.9865900462916549,0.8203586614327536,0.7501060971760308
20240905,0.006013808139892496,0.008965372305455379,0.002106530243755733,0.9925232095427807,0.8277134822565033,0.7516862183557577
20240906,-0.015015090689365396,-0.016122169777267097,-0.008408408408408508,0.9776203835401959,0.814368944968631,0.7453657336368503
20240909,-0.0031296592119276047,-0.006631505513474974,-0.012416717141126465,0.974560764901081,0.8089684528200687,0.7361107381555934
20240910,-0.006395876287795965,-0.003305171438024136,0.0,0.9683275948138339,0.8062946733955453,0.7361107381555934
20240911,-0.014016127700757042,-0.008688008392758515,-0.002146580803434661,0.9547553915887563,0.7992895785060483,0.7345306169758664
20240912,0.00045771336967239675,-0.005848710679331752,-0.0033804548248309585,0.9551923958962533,0.7946147650123614,0.7320475694077243
20240913,-0.003803998277499644,-0.011408017446891754,-0.0046253469010174575,0.9515588456675831,0.7855497859095425,0.7286615954511669
20240918,-0.0027222920514105246,-0.013119621383077,0.0030978934324659146,0.9489684245855728,0.7752436701408522,0.7309189114222052
20240919,0.028838859880605264,0.029794665571398253,0.008338480543545357,0.976335592013315,0.7983417960290423,0.7370136645440086
20240920,7.093652618619332e-05,-0.0038011012164004972,0.0027565084226646164,0.9764048498686043,0.795307218057053,0.7390452489179431
20240923,0.00717649299137495,0.0019837481207963643,0.002748930971288921,0.9834120124304309,0.7968849072563293,0.7410768332918776
20240924,0.043048948646849855,0.03733580656847538,0.04386232104782217,1.025746865652244,0.8266372480109891,0.7735821832748293
20240925,0.020509233450297072,0.020876253741348,0.013714619200466904,1.0467841475808162,0.8438943369525163,0.7841915683387094
20240926,0.050564964830789275,0.04034307877332047,0.04778353483016695,1.099714751188668,0.8779396326645508,0.8216630134579453
20240927,0.037142352608062895,0.04051664193412355,0.06291208791208791,1.1405607442456058,0.9135107984009964,0.8733555491947227
20240930,0.08622787095490282,0.08893220232161977,0.0940811579219436,1.2389088689166439,0.9947513255473781,0.9555218505405172
20241008,0.0227931982271371,0.034981965156785644,0.042286794235766756,1.2671475643512191,1.0295496817573428,0.9959278064221031
20241009,-0.08673125671335649,-0.07801789778770327,-0.08839528558476872,1.1572462636537693,0.949226379918636,0.907892483551609
20241010,0.014647369601325691,0.008907118228984014,0.015912481352560848,1.174196877397259,0.9576812515106418,0.9223393057662541
20241011,-0.0016957834861510259,-0.02021989590382154,-0.026676456191874753,1.1722056937230787,0.938317036296055,0.8977345616819364
20241014,0.028235591726101066,0.027007249276723738,0.01584108624591396,1.2053036151100545,0.9636583983958992,0.9119556522994777
20241015,-0.008001814695602216,-0.005524285319855557,-0.026980198019802004,1.1956589989300044,0.9583348744522852,0.8873509082151602
20241016,0.0004916014305567976,0.004339634545120517,-0.0063597049096921765,1.1962467866043365,0.9624936975792521,0.8817076182875644
20241017,-0.019495234814035964,-0.012106607323593421,-0.011008704557091575,1.172925674603949,0.9508411643312267,0.8720011596120997
20241018,0.010938681710678556,0.011031208937109056,0.03960652342738791,1.1857559352287244,0.9613300918809684,0.9065380939689858
20241021,0.00022938800294913797,0.003045570226735993,0.0,1.1860279334146915,0.9642578901868665,0.9065380939689858
20241022,0.003129839202916607,0.01722132304509104,0.005976095617529875,1.189740010136447,0.9808636868125524,0.9119556522994777
20241023,0.0004929177735407682,0.004007309082835491,0.003712871287128605,1.1903264541333358,0.9847943107737398,0.9153416262560351
20241024,0.010993453719129787,-0.0006469947798906962,-0.01085080147965456,1.2034122529175066,0.9841571539954032,0.9054094359834667
20241025,0.01520312903632526,0.01598343882093368,0.0072301171777611195,1.2217078846825065,0.9998873696564728,0.9119556522994777
20241028,0.04036496156517023,0.02220520393975329,0.0014851485148514865,1.2710220764915812,1.0220900726164783,0.9133100418821007
20241029,-0.04734527798628062,-0.027520846948573936,-0.00815620365793368,1.2108451829533875,0.9939612881603435,0.9058608991776744
20241030,0.00825082755116866,0.004963770131884203,-0.010465985546972312,1.220835657749099,0.9988950835147629,0.8963801720993135
20241031,0.02339828488421416,0.009447583722584361,0.0,1.2494011182659195,1.0083322284463463,0.8963801720993135
20241101,-0.02401276702599449,-0.023138109278981384,0.0020146058927221766,1.219399540290983,0.9850013271550359,0.8981860248761441
20241104,0.017047557935909508,0.020549569355518462,0.013319929630560612,1.240187324601115,1.005242680242686,0.9101497995226473
20241105,0.01571802143373571,0.027333108820271654,0.02604166666666652,1.2596806155510427,1.032719087812541,0.9338516172185495
20241106,0.0065007919975517345,0.007734133564584372,-0.006284747401498536,1.267869537216088,1.040706275172379,0.92798259569385
20241107,0.039194199450454506,0.033561439202200005,0.03332522500608137,1.317562668734891,1.075633875553925,0.958907824497075
20241108,0.002414022451358444,-0.005290143290204782,-0.01271186440677985,1.3207432945982887,1.0699436182244464,0.946718318253468
20241111,0.014717974848582019,0.006314127202903085,0.005007153075822668,1.3401819611896195,1.07669937832985,0.9514586817926485
20241112,-0.024505960171982102,-0.009758957431750957,-0.010913404507710611,1.3073395154254979,1.0661919149299364,0.9410750283258722
20241113,-0.0064096532281610955,-0.00289857941196365,0.006236507555768878,1.2989599224801482,1.0631014729961183,0.9469440498505719
20241114,0.0022611620238385706,0.0005593568646410447,-0.016924910607866717,1.3018970813273487,1.0636961261028488,0.9309171064561997
20241115,0.009495614620660444,0.0005170702218078749,-0.01673132880698347,1.3142593942873957,1.064246131694709,0.9153416262560354
20241118,0.012309122513547766,-0.011633178736297003,-0.004192355117139224,1.3304367741862604,1.0518655662252918,0.9115041891052704
20241119,0.003117787353673496,0.020798633822720566,0.004952947003467045,1.3345847931356805,1.0737429329679404,0.916018821047347
20241120,0.005198023299625997,0.027189256125035904,0.002464268112370549,1.3415219959857263,1.1029372045848531,0.9182761370183853
20241121,0.009553606873275222,0.007859438583898481,0.0012291052114064005,1.3543383697472253,1.1116056718061844,0.9194047950039047
20241122,-0.024197894853341586,-0.02287078194766082,-0.029462312791554424,1.321566232280236,1.0861823808745221,0.8923170033514447
20241125,-0.015337494460998413,-0.0018410892652438284,-0.0055653933721223625,1.3012967175127952,1.084182622152997,0.8873509082151605
20241126,-0.009006041069865378,-0.010533406165505146,-0.0020351055711014254,1.289577185830794,1.0727624862362772,0.88554505543833
20241127,0.010703744036718189,0.004948814962246029,0.016314045373438724,1.3033804899435182,1.0780713892790996,0.8999918776529752
20241128,0.016615742980632398,0.0017942135152397838,-0.007273639327815329,1.3250371251703905,1.0800056795361375,0.8934456613369641
20241129,0.013010991400850425,0.020601369622105216,0.010864072764022348,1.34227717181179,1.1022552757342343,0.903152120012429
20241202,0.011835978445686048,0.01746329300800913,0.007498125468632821,1.3581643354854909,1.1215042825840051,0.9099240679255439
20241203,0.001963182722698287,0.0011627119972921682,0.0009923096005952647,1.360830660243501,1.12280826906838,0.9108269943139592
20241204,-0.006376841697529833,-0.00841006395177381,-0.00520446096654259,1.3521528585459832,1.1133653797199345,0.9060866307747789
20241205,0.016883753128926093,0.008673628647142611,-0.0017438963627306459,1.3749822736022452,1.1230222975722104,0.9045065095950519
20241206,0.017403747096622582,0.010125957344583245,0.012478163214375115,1.398912117354358,1.1343939734544426,0.9157930894502436
20241209,0.014119371145501837,0.002531042513269442,-0.0007394626571357588,1.418663876739224,1.1372651728280525,0.9151158946589322
20241210,-0.0026471844932719926,0.007251631648422304,0.00764676862358149,1.4149084117235549,1.145512200947981,0.9221135741691509
20241211,0.03942196786246126,0.03216913738551436,-0.002447980416156681,1.4706868856588469,1.1823623403170596,0.9198562581981126
20241212,-0.001293873189612848,0.01699961198473656,0.010306748466257787,1.4687840033271777,1.2024620413278146,0.9293369852764736
20241213,-0.02569871333095661,-0.023047559567429796,-0.02356084527568625,1.4310381442805777,1.1747482258027386,0.9074410203574018
20241216,-0.004879361623866885,0.0025799454867157833,-0.005970149253731294,1.4240555916770854,1.1777790121859257,0.9020234620269099
20241217,-0.01175056455879089,-0.04076249932647386,0.002752752752752663,1.4073221345117768,1.1297697959949617,0.904506509595052
20241218,-0.009698419642002198,-0.006837365626834576,0.004242575492887646,1.3936733338798033,1.1220451468255899,0.9083439467458173
20241219,0.012101652026076028,0.004556238369229724,0.0014910536779324524,1.4105390836044378,1.1271574519755645,0.9096983363284403
20241220,-0.020034263116935125,0.005047326302560171,-0.0029776674937966874,1.382279972466786,1.1328465834300474,0.9069895571631942
20241223,-0.04158752829997288,-0.04242127800785985,0.0009955201592835028,1.3247943649933378,1.0847897835741072,0.9078924835516098
20241224,-0.007284602676013919,0.009224010940461007,0.011685728493286751,1.3151437644169393,1.0947958964058953,0.9185018686154897
20241225,-0.016803309673848268,-0.020929995825108294,0.0007372818874418208,1.2930449964778108,1.0718818228647742,0.9191790634068013
20241226,-0.003895799827924141,0.0005042649063481477,0.000245579567780041,1.2880075520030345,1.0724223352517974,0.9194047950039053
20241227,0.011489854083253894,0.007648129725776728,-0.00147311563957786,1.3028065708336785,1.0806243603926236,0.9180504054212821
20241230,0.0009742560188962917,-0.00528474339470746,0.004671748217359273,1.304075837976771,1.0749135379418786,0.922339305766255
20241231,0.006238967330811328,-0.0123137004644941,-0.01566324033284383,1.3122119245268085,1.0616773746104327,0.9078924835516098
20250102,0.00418312585567944,0.004619989239997282,-0.02809547488811559,1.3177010721564275,1.0665823126574814,0.8823848130788766
20250103,-0.04159111177224353,-0.03858416667373578,-0.010232796111537268,1.2628964195819645,1.0254291229346466,0.8733555491947236
20250106,-0.018497343992640736,-0.012975846873108605,-0.004135435513052399,1.2395361900818826,1.0121233116562205,0.8697438436410624
20250107,0.0035411443568433634,0.010514263890544835,0.0070075266026470295,1.2439255666664943,1.0227650432447462,0.8758385967628656
20250108,-0.016625497003887692,-0.007677678282593549,-0.001546391752577314,1.2232446858848212,1.0149125822840301,0.8744842071802426
20250109,0.003178496488274597,-0.003456858254069415,-0.0020650490449147796,1.2271327648232067,1.0114041733468027,0.8726783544034119
20250110,-0.03970906700492085,-0.035933844764557056,-0.011122607346094049,1.1784044676409082,0.9750605327875335,0.8629718957279473
20250113,0.0004006441010177661,0.0037099937033281405,-0.0039236201935652915,1.1788765884394816,0.9786780012245391,0.8595859217713898
20250114,0.034865765724416284,0.03510667971457558,0.025735294117646967,1.2199790233900116,1.01303613635723,0.8817076182875652
20250115,0.0006268260344679977,0.0006474188308658864,-0.00588837685611876,1.2207437380033772,1.0136919950282552,0.876515791554177
20250116,0.006226766239693604,0.005649740979199489,0.000515065670873005,1.2283450238984939,1.019419092232853,0.8769672547483847
20250117,-0.0036631539680332947,5.5175872105414224e-05,0.0033462033462032803,1.2238454069500861,1.0194753395703078,0.8799017655107344
20250120,0.026546426071956723,0.01637990566503139,0.004874294510004873,1.2563341285691905,1.0361742494602952,0.8841906658557069
20250121,-0.00951558174814593,-0.004678878266214674,0.0012764871074804063,1.2443793784658046,1.0313261162844842,0.8853193238412262
20250122,-0.0071083043992184805,-0.011910155799249556,-0.009178990311065838,1.2355339510555594,1.019042861559701,0.8771929863454883
20250123,0.006868989070853582,0.002580207501212652,0.002830674215131168,1.2440208202620284,1.0216722035951544,0.8796760339136304
20250124,-0.0015940113193677165,0.008639410332487376,0.008211444701052173,1.2420378369930016,1.0304988489873095,0.8868994450209531
20250127,-0.004632280656815424,0.0010802649316078918,-0.0055993891575463195,1.236284369145666,1.031612060755933,0.8819333498846689
20250205,0.015573925151884339,0.0036509417908048925,-0.00511901714870755,1.255538169377185,1.0353784163404451,0.8774187179425922
20250206,0.02645965695956702,0.015079581655071544,0.011577051710830899,1.288759278638548,1.0509914897135495,0.8875766398122645
20250207,0.030239339464489763,0.013126747187860522,0.014242115971515812,1.32773050795331,1.064787589295612,0.9002176092500791
20250210,0.013620114512401749,0.013022481264345624,0.0010030090270811698,1.3458143495132433,1.0786537657277218,0.9011205356384944
20250211,0.017956515030299578,0.007417222774094837,-0.004008016032064243,1.3699804851082706,1.0866543810042404,0.897508830084833
20250212,0.015738773071596813,0.007193164698917532,0.009557344064386575,1.3915422970759057,1.0944708649376043,0.9060866307747788
20250213,-0.018277367259746605,-0.00982966021662601,-0.0024912805181867004,1.366108567454778,1.0837125882182708,0.9038293148037402
20250214,-0.011996883883665644,-0.005381368989273414,0.007492507492507627,1.3497195215985422,1.0778807309027476,0.9106012627168553
20250217,0.001678263248914803,0.006002301866248781,0.0017352503718395251,1.351984706267984,1.0843504964254387,0.9121813838965822
20250218,-0.026411305778253128,-0.025786574368038363,-0.007176441474882611,1.3162770247832185,1.0563888117083449,0.9056351675805709
20250219,0.005161955841484423,0.00624815329473213,0.005234297108674069,1.32307158866031,1.0629892909427385,0.9103755311197514
20250220,-0.000473970253118372,0.0047735504720103576,-0.0029754525167370316,1.3224444920845388,1.0680635239742602,0.9076667519545054
20250221,0.0040420750936479115,-0.005188629883225033,0.013429495150460102,1.3277899120287255,1.0625217376565848,0.9198562581981123
20250224,0.008540221843611162,0.006408750913540006,-0.0031901840490796696,1.3391295324391599,1.0693311748134475,0.9169217474357626
20250225,-0.01001846592459601,-0.010433405694823537,-0.0100935499753817,1.325713508849798,1.0581744088444967,0.9076667519545054
20250226,0.017671358243803368,0.010713501470917293,0.008206913703059149,1.3491406671933321,1.0695111619301392,0.9151158946589321
20250227,-0.004932254089816767,0.010825804872714506,0.003206709422792109,1.3424863626198298,1.081089481078385,0.9180504054212817
20250228,-0.012582819787668311,-0.021862119962488564,-0.01794934841406437,1.3255940986515822,1.0574545731528648,0.901571998832702
20250303,0.0026318757235940684,0.01616361760471007,-0.003254882323485253,1.3290828975791629,1.0745468645076595,0.8986374880703522
20250304,0.003147554435808098,0.003917219530203892,-0.0010047726701833959,1.333266258348995,1.0787561004714283,0.8977345616819368
20250305,0.007232706078981412,0.003990974564351981,0.004274578828262543,1.3429093813206565,1.0830613886295495,0.9015719988327019
20250306,0.017621825204864064,0.015478926060693073,0.013770655983976088,1.3665738957042612,1.099826015783338,0.9139872366734128
20250307,-0.0052980618944114,-0.007320258436422731,-0.002469745616201724,1.359333702621533,1.0917750051127029,0.9117299207023742
20250310,-0.006841634552392485,0.0003249018946982012,-0.003961376578360931,1.350033638193446,1.0921297248804482,0.9081182151487129
20250311,0.005860695906453129,0.010093031658858886,0.00298284862043241,1.3579457748103803,1.1031526247692476,0.9108269943139589
20250312,0.012588567117658279,0.005596129939043197,-0.0024783147459724875,1.3750403663387212,1.1093260102000528,0.9085696783429208
20250313,-0.0029887870405814975,0.0044656694581988255,-0.004968944099379202,1.3709306635115317,1.1142798934829887,0.9040550464008439
20250314,0.006773875172744748,0.016274642085403974,0.025218476903870135,1.3802171766966471,1.1324143999323866,0.9268539377083308
20250317,0.010704615334061664,0.0031074415640097246,-0.002922552362396469,1.3949918706506494,1.1359333115064196,0.9241451585430849
20250318,0.012291695952245819,0.006088811626275075,0.0021983390327307006,1.4121386865805419,1.1428497954601933,0.9261767429170192
20250319,-0.0070532479294018735,-0.0053751206325135595,0.0014623446258836825,1.4021785223133894,1.1367068399447513,0.9275311324996424
20250320,0.0006897671447350104,-0.00336690527094728,-0.008031151131662306,1.4031456989891342,1.1328796556938194,0.9200819897952158
20250321,-0.011131895489150145,-0.013414081045413764,-0.01619234543670256,1.3875260277119366,1.1176831161776422,0.9051837043863631
20250324,-0.019495612071864454,-0.010685508803585621,0.004239401496259454,1.3604753585360496,1.1057401034001069,0.9090211415371283
20250325,-0.005312670086418737,-0.004452895309478407,0.0004966476285075405,1.3532476017954453,1.1008163584801742,0.909472604731336
20250326,0.003338750285367742,0.00831883352559985,-0.0039712087366591264,1.357765757612113,1.1099738665086278,0.9058608991776748
20250327,-0.008198883390926892,-0.005255608945035786,0.0034886618489906596,1.3466335944932577,1.1041402779270493,0.9090211415371283
20250328,-0.008017280121022385,-0.011294682685486746,-0.004718152470821968,1.335837255745826,1.091669363847598,0.9047322411921556
20250331,-0.0027531471235868526,-0.013503070418703165,-0.0059880239520957446,1.3321594992475891,1.076928475553623,0.8993146828616637
20250401,0.009125338294548424,0.01113859764293071,-0.0005020080321285203,1.3443159053405196,1.0889239485330298,0.8988632196674561
20250402,-0.003714513143531506,0.006142017074677414,-0.0007533902561527306,1.3393224262410737,1.0956121380179447,0.8981860248761445
20250403,0.010073852094068903,0.01635433861217634,-0.005026388539834059,1.3528145622692958,1.1135301499107004,0.8936713929340679
20250407,-0.061390256796945084,-0.08183980806642518,-0.06668350593584249,1.269764928892937,1.022399056165831,0.8340782512986564
20250408,0.03670075709448695,0.023481454323937452,0.009472259810554773,1.316366263115335,1.0464064729040257,0.8419788571972905
20250409,0.010727174482269475,0.008953119429909829,0.00965147453083115,1.3304871537023462,1.055775075028166,0.8501051946930285
20250410,0.01566537928905116,0.02648234092666624,0.016728624535315983,1.3513297396043034,1.0837344705069387,0.8643262853105699
20250411,-0.012866159522264154,-0.004980864390217396,0.0028728127448418572,1.3339433156073748,1.0783365360743395,0.8668093328787119
20250414,0.00785575619805956,0.023237484977285814,0.002083333333333437,1.3444224490768173,1.1033943651318254,0.8686151856555426
20250415,-0.0030320577894764177,-0.00426423746378108,0.0007796257796257589,1.340346082517747,1.0986892295427053,0.8692923804468541
20250416,-0.010938562321800838,-0.01772144386664001,0.002337055310309033,1.325684623361345,1.0792188700344822,0.8713239648207886
20250417,0.001043800134215589,0.00853315405319461,0.0007772020725389517,1.3270683731491373,1.088428010909601,0.8720011596121001
20250418,0.0178782166025568,-0.003261764757572687,0.0025886616619208436,1.3507939889707004,1.0848778147824611,0.8742584755831385
20250421,-0.0019778999254976616,0.008725865377209143,0.0005163955589981839,1.3481222536405524,1.0943443125449737,0.8747099387773462
20250422,0.009320029404079833,0.007463988223642749,0.0007741935483871476,1.3606867926847768,1.1025124856064197,0.8753871335686577
20250423,-0.008070282109349503,-0.0081444566655748,0.001031459515214106,1.3497056664053446,1.093533120444143,0.8762900599570731
20250424,-0.0037528970947791505,0.0028914078606187155,0.0,1.344640359931085,1.0966949707044422,0.8762900599570731
20250425,0.001428118640143561,-0.0028927855956907985,0.0,1.3465606658933917,1.0935224672903219,0.8762900599570731
20250428,-0.005615929700365396,-0.010750776602590766,-0.0015455950540960162,1.3389984758564573,1.0817662515345698,0.87493567037445
20250429,0.004136164631705808,0.017476567938006348,-0.0018059855521154189,1.3445367939942026,1.1006718129225563,0.8733555491947232
20250430,-0.009354187833036764,-0.00995379079969938,-0.0007753941586974289,1.3319597442747517,1.0897159559575993,0.8726783544034117
20250506,0.027109303146101472,0.020744639776395637,0.009570615623383238,1.3680682447606995,1.1123217209225305,0.8810304234962534
20250507,1.8004403467952582e-05,0.004520393571874337,0.006149116064565918,1.3680928760133497,1.1173498528796448,0.8864479818267456
20250508,-0.003024638918576828,0.0015766635678796583,0.005856888209829325,1.363954889056332,1.1191115376852558,0.8916398085601336
20250509,-0.008699513307500273,-0.00924709074152871,-0.0012658227848102444,1.3520891453481563,1.1087630117463885,0.8905111505746143
20250512,-0.010776835362285487,-0.0014613342178738744,0.011406844106464087,1.337517903233606,1.1071427384178105,0.9006690724442868
20250513,-0.004659015402215405,-0.0014604837636878476,0.001002506265664227,1.3312863867217017,1.1055257744242664,0.9015719988327022
20250514,0.0061053323684936885,-0.0013101247529826126,0.01276915373059584,1.3394143325902887,1.1040773977421328,0.9130843102849976
20250515,-0.009100280320322552,0.019902080761416696,-0.008405438813349653,1.3272252866986594,1.1260508352788516,0.9054094359834675
20250516,-2.7148434048451754e-05,-0.0014005415713976759,-0.005484916479680968,1.327189254610496,1.1244737542725365,0.9004433408471831
20250519,0.026018239823119238,0.02979266213132784,-0.0015041363750313286,1.3617203829276188,1.1579748209091238,0.8990889512645601
20250520,0.019239486841574553,0.005034518490043597,0.005021340697966448,1.3879191843168586,1.1638046665559958,0.9036035832066368
20250521,0.0186649334529863,0.0039360897906986015,0.003997002248313786,1.4138246035302557,1.1683855062223942,0.9072152887602981
20250522,0.007872212806024171,-0.016361178766821426,-0.0004976362279174307,1.4249545316796388,1.1492693420865265,0.9067638255660904
20250523,-0.025526608190751542,-0.006509407348749804,-0.007219317898929489,1.3885802756598167,1.1417882797854557,0.9002176092500793
20250526,0.01643429559242613,0.011231983886957538,-0.0052657973921765855,1.4114006143638227,1.1546128273463228,0.8954772457108988
20250527,0.0026946484163207223,0.008566269939994382,-0.005293672800604998,1.4152038427941125,1.1645035525015515,0.8907368821717183
20250528,0.005697331997171396,0.0008981649143266894,-0.0010136847440446184,1.4232667289301832,1.1655494687350172,0.8898339557833029
20250529,-0.017535507445071645,-0.005307048033102533,0.0060882800608828,1.3983090246087053,1.1593638417194834,0.8952515141137949
20250530,0.015510078586327448,-0.007284156220068361,-0.0017650025214321907,1.4199969074683572,1.1509188543805,0.893671392934068
20250603,0.006829150079941316,0.013423335084661288,-0.0005051780752717283,1.4296942794625112,1.166368023818104,0.8932199297398602
20250604,0.0022495005996415072,0.0215000273640632,0.004296183977761103,1.432910377601466,1.1914449682467614,0.8970573668906254
20250605,0.0025253335130544846,-0.005059462822112011,0.0025163563160544022,1.4365289541992263,1.1854168967253245,0.8993146828616638
20250606,-0.007969269885870123,-0.00263866662061902,0.0005020080321285203,1.425080867264346,1.1822889767284175,0.8997661460558715
20250609,0.015565985681411964,0.013861952684936459,0.002257902659307698,1.4472636556390368,1.1986778105837488,0.901797730429806
20250610,-0.013978048976080414,-0.0003386068449004619,-0.005757196495619676,1.4270337333792131,1.1982719300722549,0.8966059036964178
20250611,-0.0008580205152861623,0.0016178916340506516,0.008056394763343189,1.4258093091599684,1.2002106042032363,0.9038293148037402
20250612,-0.010137598168982475,-0.0008038424040244321,0.0004995004995007601,1.4113550273181101,1.199245824025818,0.904280777997948
20250613,-0.021889308716070664,-0.03278384347513017,-0.006490264603095208,1.3804614414171656,1.159929936642752,0.8984117564732486
20250616,0.0004158990549968382,0.004245028457954896,0.002512562814070307,1.3810355740261109,1.1648538722330344,0.9006690724442868
20250617,0.0035871009729812504,-0.003782585176392334,-0.00025062656641616776,1.3859894880774217,1.1604477132432625,0.9004433408471829
20250618,-0.013344638656513585,-0.013769615179863819,0.023306637251779616,1.3674939591773023,1.1444687947955496,0.9214296471580887
20250619,-0.021734192320612022,-0.011642096545238755,-0.007940573770491621,1.3377725824712676,1.131144778593527,0.9141129670705118
20250620,0.0076116967603432565,0.011397412946572903,0.0012909888974954598,1.34795530170334,1.144036902737517,0.9152930767620565
20250623,0.00040904151760650124,0.012360830408632171,0.0033522434244455113,1.3485066713856146,1.1581781488734724,0.9183613619600726
20250624,0.011470177943091818,0.013273543033940587,0.01156515034695449,1.3639742828638541,1.173551276373514,0.9289823491839747
20250625,0.0012845427169860591,0.001959766349005742,0.016514227642276502,1.3657263660950631,1.1758511626737835,0.9443237751740556
20250626,-0.003206288932008916,-0.005061078073793064,-0.0037490627343165217,1.3613474527632998,1.169900088136331,0.9407834460994214
20250627,0.00687600237767232,0.003538046964995283,-0.005770195684897228,1.3707080810853385,1.1740392495925096,0.9353549415183158
20250630,-0.0008693927717113416,0.003501682169577136,0.004794347716376546,1.3695163973875164,1.1781503618991915,0.9398393583461856
20250701,-0.002871269490765615,0.017415595993387257,0.0015067805123052391,1.3655841467385943,1.1986685526214909,0.9412554899760391
20250702,0.004891112319506052,0.001533065702979651,0.0010030090270813918,1.3722633721820297,1.2005061902687553,0.942199577729275
20250703,0.008534590040233004,0.00756334384092901,0.005761523046092121,1.3839750774908308,1.2095860313689217,0.9476280823103804
20250704,-0.00701612056924903,-0.01182105162371225,0.004234122042341415,1.3742649414823194,1.1952874524487884,0.9516404552616325
20250707,0.00871989941614615,0.010654585569082869,-0.0044642857142858094,1.386248393543181,1.2080227448905552,0.9473920603720716
20250708,0.0034650660428728448,0.005935378761630083,0.008470353761833582,1.3910518357786346,1.2151928174341446,0.9554168062745754
20250709,0.0008106905019780839,-0.004263014414173537,-0.0007411067193675569,1.3921795482896593,1.2100124329374227,0.9547087404596486
20250710,0.013101552009180152,0.005850265571104074,0.0049443757725586845,1.410419261047693,1.2170913270144443,0.9594291792258273
20250711,0.007152858056595956,0.001783373796722855,0.0034440344403441348,1.4205077898222565,1.2192618557952604,0.9627334863621522
20250714,-0.010587509912157001,0.00037307802922675925,-0.00024515812699177353,1.4054681495172172,1.2197167356055318,0.9624974644238433
20250715,-0.014755790567628636,-0.010080596157536816,0.0,1.3847293558534686,1.2074212637673034,0.9624974644238433
20250716,0.001353854360842455,-0.0003681790321726534,-0.002206964198136374,1.3866040777304773,1.206976716574985,0.9603732669790629
20250717,0.002598857986334103,4.88873528957022e-05,0.00811010076185803,1.3902076648117705,1.207035722471665,0.9681619909432578
20250718,0.002237173530102554,-0.002355112554949801,0.00731350560702082,1.393317800600833,1.2041930174873992,0.9752426490925258
20250721,0.014589125459196462,0.019640563628513453,0.006050338818974099,1.4136450887983305,1.227844047068372,0.9811431975502495
20250722,0.014413849405959267,0.009585451054297063,0.01058455617031484,1.4340211562217438,1.239613486083856,0.9915281628358424
20250723,-0.006741919139087326,-0.010324247318261696,-0.0004760771244941564,1.4243531015427564,1.2268154098744737,0.9910561189592246
20250724,0.01525069983941978,0.010454054418412047,0.006191950464396356,1.4460754831597316,1.2396406049306479,0.9971926893552571
20250725,-0.0011505076331588707,-0.0024185116912160253,-0.0052071005917159185,1.4444117622782324,1.236642519634717,0.9920002067124605
20250728,-0.008655090103226626,-0.0030795189142816854,0.002617178206043569,1.431910248329554,1.232834255605297,0.994596448033859
20250729,-0.0015902271851093942,-0.00513499341107883,0.004983388704318914,1.4296331857260236,1.2265036598258114,0.9995529087383467
20250730,0.007742622992765714,0.0018525607927619542,-0.0007083825265643551,1.4407022965010468,1.2287758324181839,0.9988448429234199
20250731,-0.01162011941744936,-0.01566859603297308,-0.018194706994328902,1.423961163770711,1.209522640284943,0.9806711536736318
20250801,-0.004705188616339085,-0.00029444480134151364,-0.005294825511432122,1.4172611579128283,1.2091665026314062,0.9754786710308351
20250804,-0.0022177787702214458,0.0029238056944735197,0.004597144931042907,1.4141179862049498,1.2127018705373667,0.9799630878587049
20250805,0.019690080192441253,0.009851665882624771,0.007466281310211764,1.441962082754899,1.224649004181135,0.9872797679462818
20250806,0.016472482566386604,0.008230113338653469,0.0026296916088930367,1.4657147780244695,1.234728004285615,0.98987600926768
20250807,0.007960241158776938,-0.0012606046474361193,-0.00023843586075356082,1.4773822211275274,1.233171500425093,0.989639987329371
20250808,-0.0053914232862971815,0.005554910312253215,-0.0023849272597185056,1.469417028217779,1.240021657509581,0.9872797679462817
20250811,0.00635108709729646,0.016637855958750416,0.004542194597179083,1.4787494237462406,1.2606529592329563,0.9917641847741515
20250812,-0.0013139417845118963,-0.001372606030195821,0.006187529747739173,1.4768064330895574,1.258922579379129,0.9979007551701838
20250813,0.001968035133284385,-0.0002570051683189387,0.008278145695364225,1.4797128400349382,1.2585990297697152,1.0061615230109966
20250814,-0.009370389057152375,-0.016506238344273425,-0.0016420361247946325,1.465847355030947,1.2378242942044648,1.0045093694428342
20250815,0.011909657448737976,0.013293269636938013,0.009163533834586568,1.4833050949015043,1.2542790263104773,1.013714225036883
20250818,0.006119034717927519,0.006688858271623054,0.0074505238649591465,1.4923814902744856,1.2626687209505376,1.0212669270627688
20250819,0.012357556321180763,0.014749432343349229,-0.005084354055927887,1.5108236785932403,1.281292367822261,1.016074444419972
20250820,0.02446403198741494,0.013893126056897999,0.013704994192799136,1.5477845173936893,1.299093524204157,1.0299997387801993
20250821,-0.00857199046798245,-0.002888412461561161,0.0032080659945004086,1.5345169232640998,1.2953412062801124,1.0333040459165244
20250822,0.005081215617412061,0.005489442923527186,0.023069894929191426,1.5423141346197724,1.30245190789848,1.057142261685727
20250825,0.0007371422109158317,0.0057007019293327825,0.019200714445188893,1.543451039470893,1.3098767980027,1.0774401483802958
20250826,0.009769209497005282,0.009623039062482417,-0.005257393209200489,1.5585293360238546,1.3224817935969195,1.0717756218608812
20250827,-0.030838457207924178,-0.023478134148807304,-0.014534243558687598,1.5104666957875883,1.2914323886374959,1.0561981739324913
20250828,-0.002731827449160873,-0.0001273774115642429,0.018770949720670504,1.5063403614069923,1.291267889322621,1.076024016750442
20250829,-0.002589510439296161,-0.003513176223287189,0.009212546611099048,1.5024396773159958,1.2867314376759587,1.0859369381594175
20250901,0.026508118050867724,0.017221457980033945,0.0032601608346010114,1.542266525646596,1.308890829061484,1.0894772672340514
20250902,-0.01288865444619267,-0.0031898694694969514,-0.0056325823223569715,1.5223887853336069,1.3047156381669562,1.083340696838019
20250903,-0.020586169738698604,-0.02330561784954864,-0.008932461873638275,1.491048631390438,1.2743084341015072,1.0736637973673526
20250904,-0.001779184787688526,0.0029313740366149433,-0.020444053638162152,1.4883957803477643,1.2780439087598718,1.0517137571046216
20250905,0.009213730135941178,0.02251588981575765,0.021992818671454195,1.5021094574033622,1.3068202045892092,1.0748439070588973
20250908,0.016581528179204046,0.014235888740312213,0.00021958717610881529,1.527016727699545,1.3254239516253332,1.0750799289972062
20250909,-0.0009213245139364724,-0.00019686630439361532,-0.005927552140504888,1.5256098497551245,1.3251630203102218,1.068707336662865
20250910,0.010046332451674099,0.0015020981874699908,0.0022084805653710404,1.5409366334973131,1.327153545281132,1.0710675560459544
20250911,0.044350615537447347,0.014003260886712686,0.026884089907448283,1.6092781216971208,1.3457380226124294,1.0998622325196448
20250912,-0.0076246946591258975,-0.006762673394904566,-0.008369098712446177,1.5970078673975687,1.3366372358903968,1.0906573769255965
20250915,-0.0012976644237076003,0.005683989401701475,0.0017312270071410119,1.5949354871036658,1.3442346677731176,1.0925455524320677
20250916,0.0055948210193342614,0.0014974918968185971,-0.0019442644199609838,1.6038588656913955,1.3462476482955306,1.0904213549872874
20250917,-0.014766737798821985,-0.0069729920816188964,0.0071428571428571175,1.5801751023554145,1.3368602741040676,1.0982100789514824
20250918,-0.014176725099366273,-0.02224735117066144,-0.012679991403395485,1.5577733943204588,1.3071186741199676,1.0842847845912553
20250919,-0.00457662899415574,0.0035927295624570343,0.002176752285589778,1.5506440434376874,1.311814798022118,1.0866450039743445
20250922,-0.016707284605158048,-0.0166453670981959,0.0032580364900085534,1.524736992082681,1.2899791591441943,1.0901853330489784
20250923,-0.0088281948706183,-0.01440514802317604,0.0006494912318684154,1.5112763167901349,1.27139681840991,1.0908933988639051
20250924,0.00536263113912745,0.011702910808489952,0.008870618779749151,1.5193807342263796,1.2862758619779593,1.1005702983345718
20250925,-0.009225313584684569,-0.013039819786211802,0.0068625348488098314,1.505363970498613,1.2695030565424124,1.1081230003604579
20250926,0.00134655006981359,0.0033863571307738904,-0.009371671991480368,1.5073910184581827,1.273802047270474,1.0977380350748647
20250929,-0.0018106294871103046,0.0035533909209504873,0.01655557944528052,1.504661691831557,1.278328363900333,1.1159117243246528
20250930,-0.003659443144132823,0.004917375783338165,0.0027495769881555887,1.4991554679191448,1.2846143848401308,1.118980009522669
20251009,0.00534489616431706,-0.0001791359430340614,0.015819447373971895,1.5071682982293406,1.2843842642308674,1.1366816548958394
20251010,0.010171802116512453,0.014274601188235241,-0.02014119601328901,1.5224989159152102,1.302718337375208,1.1137875268798725
20251013,0.003793138374594807,-0.0030825614843573625,-0.005721551176096629,1.5282739649784474,1.298702628003449,1.107414934545531
20251014,-0.0010099270087878145,-0.004015577505913597,-0.010017050298380403,1.5267305198243886,1.2934875869435676,1.096321903445011
20251015,0.0030714879177331286,0.012148161729483591,0.013132400430570623,1.5314198541696635,1.3092010833448375,1.110719241681856
20251016,-0.0037780145810573543,-0.011370945340211045,0.003187420314492151,1.5256341276308898,1.2943142293867784,1.1142595707564902
20251017,-0.015242641045651519,-0.00800439291566948,-0.020546494386782577,1.5023794342564165,1.2839540297384247,1.0913654427405233
20251020,0.011220076342166064,0.008975624708363904,0.0034602076124568004,1.519236246203674,1.2954783192521482,1.0951417937534662
20251021,0.013268959801801917,0.018011702472216735,0.015086206896551824,1.539394930883991,1.3188120892977253,1.111663329435092
20251022,-0.002858036906628825,0.009077756405652209,-0.0031847133757960666,1.5349952833576472,1.330783944189199,1.108123000360458
20251023,0.01921409785006223,0.0025071908492246835,0.003833865814696358,1.5644888329314648,1.3341204735163654,1.1123713952500187
20251024,0.00472889463898687,0.001049432401316227,0.012094207511139432,1.5718871357862694,1.3355205427685328,1.125824645733628
20251027,0.0021444245575442445,0.010763169756404583,0.011740041928721245,1.5752579291619373,1.349894977083516,1.1390418742789286
20251028,-0.003395481185105176,-0.00024347116330108152,-0.004973062577704246,1.5699091705017802,1.3495663165831113,1.133377347759514
20251029,0.005519636361206448,-0.003480613178819567,0.012494793835901685,1.5785744982430734,1.3448689982759212,1.14753866405805
20251030,-0.01757772789459875,-0.021479269944242672,-0.00802139037433136,1.5508267452516038,1.3159821940223095,1.1383338084640018
20251031,0.01386661120727546,0.024698152968475873,-0.013891768608749744,1.5723314567778521,1.348484523554063,1.122520338597303
20251103,0.028794950613809878,0.02177670389138695,0.0014718250630780805,1.61760666342431,1.377850071725618,1.1241724921654654
20251104,0.002777220345370957,0.005928188829609683,-0.007138358177619208,1.6220991135607794,1.3860182271296986,1.1161477462629614
20251105,0.02671798919042603,0.004350431479869259,0.0012687671812223744,1.6654383401426962,1.392048004456676,1.1175638778928152
20251106,0.008212977915564967,0.0061202529330137544,0.014783526927138135,1.6791165484500232,1.400567690338848,1.1340854135744405
20251107,-0.016907625458371187,-0.006029329128594464,-0.002081165452653466,1.6507266747478773,1.3921232067669198,1.131725194191351
20251110,0.01518999480160601,0.01655766101065923,0.0025026068821691894,1.67580120435617,1.4151735109096384,1.1345574574510586
20251111,0.0044322887682836775,0.004887385938361464,-0.009153318077803285,1.6832288392121142,1.4220900100271996,1.1241724921654652
20251112,-0.009478065009357018,-0.00752609743553361,0.000419903422212764,1.6672750868484372,1.411387222049636,1.124644536042083
20251113,0.01126220719517903,0.012576229801308703,0.009863588667366363,1.6860522843278845,1.429137152092763,1.135737567142603
20251114,-0.005294109504272915,-0.006395053822255048,-0.01475477971737349,1.6771261389047232,1.4199977430857453,1.1189800095226683
20251117,-0.0006664397219144033,-0.004524776493683079,-0.006538704914574867,1.676008435427096,1.413572570676748,1.1116633294350915
20251118,-0.01678724955502866,-0.01399212477127883,-0.005732484076433231,1.6478728635652484,1.3937936868945815,1.10529073710075
20251119,-0.013126632579307974,-0.010323295094071119,0.002989536621823774,1.6262418419478153,1.3794051433645154,1.1085950442370753
20251120,-0.01409110241520437,-0.012384470843008435,-0.0044709388971685415,1.603326301601038,1.3623219405858216,1.1036385835325875
20251121,-0.0431685933724338,-0.041920577286339626,-0.02395209580838331,1.5341129604438946,1.3052126183866175,1.0772041264419865
20251124,-0.003334916981591629,0.0052979772577876495,-0.0015337423312882237,1.5289968210804303,1.3121276051554074,1.075551972873824
20251125,0.013276941035639214,0.021361708823908483,0.008777704630239302,1.549297221717595,1.3401568929965495,1.0849928504061817
20251126,-0.0033775618124319397,-0.0015041343269161988,0.006308462040461205,1.5440643745854148,1.33814111701034,1.0918374866171408
20251127,0.001252016924212485,0.0019792436248573042,-0.0008646779074796829,1.5459975693144694,1.3407896242853423,1.0908933988639047
20251128,0.01272233203827633,0.0138903529366121,0.0028126352228472484,1.5656662637216563,1.3594136653804132,1.0939616840619208
20251201,0.003763723565898114,-0.0011670404093770722,0.011218985976267692,1.5715589987347571,1.357827174699855,1.1062348248539857
20251202,-0.004762252622819885,0.005450386996419667,-0.00448047791764461,1.5640748377711162,1.3652278582762243,1.101278364149498
20251203,-0.007683042904775306,-0.0022205475326626456,-0.004500642948992772,1.5520579836862414,1.3621963049240067,1.0963219034450105
20251204,-0.003095977922286175,-0.017099008419221167,0.00258342303552217,1.5472528464346407,1.3389040988374792,1.0991541667047178
20251205,0.007606501182022242,0.011433676726027147,0.008803951041443048,1.559022027039933,1.3542126954707399,1.1088310661753842
20251208,0.001721193860546811,0.008868548394183724,0.007237122179650779,1.5617054061813314,1.3662225962965402,1.116855812077888
20251209,-0.01652740337742542,-0.005354314433693433,-0.00507185122569731,1.5358944709766664,1.3589074109295516,1.1111912855584736
20251210,0.002088201903909859,-0.0015227220509176746,-0.0012744265080714134,1.5391017287351645,1.3568381726497738,1.1097751539286198
20251211,-0.02908994619635743,-0.032497890285122726,-0.007230965546575985,1.494329342255538,1.312743794580335,1.1017504080261158
20251212,-0.004972117829116575,0.007027641265267042,0.005569837189374427,1.4868993606903371,1.3219692870418511,1.1078869784221481
20251215,0.0183254730189305,0.009883478032674909,-0.005752023860247202,1.5141474948065328,1.3350349414502,1.1015143860878067
20251216,-0.019270749125449994,-0.008601946569966924,-0.010070709235054598,1.4849687382951875,1.3235510422148065,1.0904213549872868
20251217,0.009145969038427015,-0.001046989746231495,0.01709956709956706,1.4985502163986673,1.3221652978449936,1.1090670881136928
20251218,0.002596996176185762,-0.0013972168896927814,-0.006597148329431812,1.502441945580477,1.3203179461598789,1.1017504080261158
20251219,0.009017412128451106,0.022744307162840042,0.004284490145672448,1.5159900838028482,1.3503476630799494,1.1064708467922943
20251222,0.005189816506960444,-0.0014369401099295867,0.008959044368600955,1.5238577941641565,1.34840729436052,1.11638376820127
20251223,-0.014465336056615775,-0.014880725800769878,0.0021141649048626032,1.5018146790690787,1.328342015145383,1.1187439875843594
20251224,0.00883835083775759,0.01089717946102857,0.0035864978902953037,1.5150882440959856,1.3428171964700468,1.1227563605356112
20251225,0.012555414011167177,0.012429536160708979,0.001891948707168467,1.5341108042640632,1.3595077913707931,1.1248805579803918
20251226,0.00040306819853135317,-0.009007766857388577,0.003776751993285643,1.5347291555422855,1.3472616621453217,1.1291289528699524
20251229,-0.0012441040542532818,-0.005731873378316638,-0.004389632107023367,1.5328197927776948,1.3395393288904445,1.1241724921654648
20251230,-0.015747509074042144,-0.011548502716821245,0.002099517111064486,1.5086816991820566,1.3240696553114641,1.1265327115485542
20251231,-0.0025424388666956737,-0.0005613927865163219,-0.004190236748376153,1.5048459681925836,1.323326332158127,1.1218122727823756
20260105,0.015350639323828654,0.009774443745986494,0.019145802650957222,1.5279463158882258,1.3362611109493894,1.1432902691684887
20260106,0.010255644992092928,0.008635377515254988,0.015483071841453144,1.5436163908709517,1.3478002301013914,1.1609919145416587
20260107,0.018557140669130636,0.005256780536182273,-0.0036592803415327335,1.5722614973755198,1.3548853201176503,1.156743519652098
20260108,-0.00810773750075402,0.004930486506828392,-0.007753519689859045,1.5595140138722567,1.3615655639067903,1.1477746859963587
20260109,0.024012714025676687,0.012861839583025154,0.004523956405510843,1.5969621779064065,1.3790778017715306,1.1529671686391552
20260112,0.01032858433311026,0.008701299498145994,0.005731832139201698,1.6134565364377003,1.3910775707559895,1.1595757829118054
20260113,-0.026591222686212345,-0.011991857663182726,-0.0034602076124568004,1.5705527543827604,1.3743959665290375,1.1555634099605534
20260114,0.0035496564314872817,0.004906666915237976,-0.006127450980392246,1.5761276770683452,1.381139669746442,1.1484827518112852
20260115,0.003078251617888019,0.002459358314340529,0.0018495684340322782,1.5809793946402788,1.3845363870764986,1.150606949256066
20260116,-0.009756942194370666,-0.006175674019243538,-0.0032820512820513903,1.5655538700762825,1.375985941682133,1.1468305982431228
20260119,0.016947893901054778,0.02029178170271981,0.0264251764416239,1.592086710962721,1.403907148036758,1.1771357991503504
20260120,0.0023762521896986354,0.00939339799499343,-0.0029548332629802943,1.5958699104958363,1.4170946066262833,1.1736575591359761
20260121,0.01987708788817537,0.019428344828956827,0.0012701100762066986,1.6275911569648565,1.4446264092990735,1.175148233427851
20260122,0.00481625209491845,0.0066720168926067205,-0.0006342494714588476,1.6354300462842593,1.4542649811054227,1.1744028962819135
20260123,0.011029790649908411,0.0008670891253535324,-0.004865665326845847,1.6534684973173446,1.4555259584559217,1.1686886448297273
20260126,-0.012770243322624953,-0.012866281853769812,0.001700680272108901,1.632353302280307,1.4367987512289493,1.170676210552227
20260127,-0.0138031601332242,-0.013647046356250563,-0.0004244482173173525,1.6098216682549344,1.4171906920663249,1.1701793191216023
20260128,0.0052312436860870275,-0.00531435545144773,0.0031847133757960666,1.6182430376927193,1.409659236986201,1.1739060048512888
20260129,0.007171861704290605,0.00011758883052995672,0.009100529100529053,1.6298488529629827,1.4098249971673242,1.1845891706097238
20260130,0.006989517195092155,0.007152326895002883,-0.011954697986577001,1.6412407095461687,1.4199085264118114,1.1704277648369148
20260202,-0.041073411973344465,-0.03481253732701363,-0.023561876459350595,1.5738293537355548,1.3704779078351554,1.1428502904372335
20260203,0.022777078662823413,0.014036706444111764,0.013913043478260834,1.60967658872745,1.389714903915578,1.1587508162172298
20260204,0.008133490908114462,0.009329750091809797,0.009219554030874821,1.6227688786268695,1.4026805966679736,1.1694339819756647
20260205,-0.00819254276160377,-0.007786590400993918,-0.0059485872105374815,1.609474275196519,1.3917584973982984,1.1624775019469165
20260206,0.0014991447807113584,0.009632832540667506,-0.006411626415900873,1.611887110155869,1.4051650739407873,1.155024130487543
20260209,0.02120682949466608,0.010059615668538842,0.016777801677780202,1.6460701252655945,1.4193004945354857,1.1744028962819135
20260210,-0.003986170833996861,-0.004998293457517662,0.0012693039983073806,1.6395086085415471,1.4122064141593973,1.1758935705737878
20260211,0.021439307923779127,0.005344679506407719,-0.0021128248468200717,1.674658538443756,1.4197542048399727,1.1734091134206637
20260212,-0.010602568629215138,-0.014053021966734285,0.0008469193309337264,1.656902856359405,1.3998023678119933,1.1744028962819135
20260213,-0.011560160035833556,-0.00015590592140074446,-0.01184683731753755,1.6377487941760605,1.3995841303340606,1.1604899362244168
20260224,0.01713653822511596,0.01687132253517509,0.009633911368015502,1.6658141389905958,1.4231969656120391,1.1716699934134767
20260225,0.005757484558376813,0.006662703531832974,0.007209499575911771,1.67540503817296,1.4326793050613165,1.1801171477340997
20260226,0.017246589896633926,0.000510486040613489,-0.0031578947368420263,1.7043000617770832,1.4334106678472263,1.1763904620044132
20260227,0.011852466579986733,0.009160426835673625,-0.0021119324181627652,1.7245002213015654,1.4465413213955147,1.1739060048512886
20260302,-0.02391934118301229,-0.026271739100542528,0.002962962962963056,1.683251312138073,1.4085381652016578,1.1773842448656628
20260303,-0.02587117522397664,-0.022913156012991622,-0.012871913905887267,1.6397036224957604,1.3762641104721391,1.162229056231604
20260304,-0.01198183671570845,-0.010494203878818673,-0.014536126549807515,1.6200569614288607,1.3618213143057434,1.1453347475903581
20260305,0.008931976670633503,0.007890765003990148,0.009544468546637708,1.6345272724134408,1.3725671262743548,1.1562663590641056
20260306,0.03643034351771024,0.02949990586414893,0.0027932960893852776,1.6940736624365282,1.4130577272916738,1.1594961533631671
20260309,0.018830104043749962,-0.004102574083216023,-0.008142275551746292,1.7259732457579846,1.407260553281599,1.1500552161812942
20260310,-0.004274744973909294,0.004118843614244995,0.01166558651976679,1.7185951503005787,1.4130568394250618,1.1634712848081663
20260311,0.020120065158733304,0.004447498952726622,0.005979073243647326,1.7531733967061094,1.4193414082385478,1.1704277648369148
20260312,0.00014724722814691876,-0.0039585299048675035,-0.0036085756739547836,1.7534315466292354,1.4137229028288187,1.166204187676603
20260313,-0.013017731627816498,-0.0059743961404332205,-0.0036216446527481683,1.7306058453274689,1.4052767621745161,1.1619806105162915
20260316,0.007892018816626179,0.004185972976513717,0.0006414368184735064,1.7442638192229567,1.4111592127255013,1.162725947662229
20260317,-0.007400903232851786,-0.01725810877887993,-0.007264957264957239,1.731354691484323,1.3868052735279661,1.1542787933416059
20260318,-0.004528386792175754,0.009698416867895188,0.0034438226431339203,1.7235144477668338,1.4002550891852357,1.158253924786605
20260319,0.0013926536933477757,-0.014449257158943435,-0.013513513513513487,1.7259147065280545,1.380022443313479,1.1426018447219213
20260320,-0.024088045005730342,-0.026736397028686944,-0.00500108719286807,1.6843407954011547,1.343125615360551,1.136887593269735
20260323,-0.04503440557231016,-0.05617855542775189,-0.03190559440559437,1.6084875088990715,1.267670758531585,1.1006145188341185
20260324,0.05839764479776397,0.044009944725532685,0.01106094808126401,1.7024193911053995,1.3234608785447342,1.112788358884428
20260325,0.018436191030942874,0.021902099558829383,0.014512167894619399,1.7338055202146003,1.3524474504688369,1.128937330379737
20260326,0.0007945344600142736,-0.005659241918629329,-0.012323943661971648,1.7351830884473738,1.3447936231644002,1.1150243703222404
20260327,0.0013437927277274665,0.005884902986020353,0.004456327985739694,1.7375148148629052,1.3527076031729415,1.1199932846284892
20260330,0.009465054189531053,0.005889536088340864,-0.0017746228926354135,1.7539604867406957,1.3606744234188015,1.1180057189059895
20260331,-0.028748949820626302,-0.009672465729621809,-0.00822222222222213,1.7035359647200263,1.3475133466891103,1.1088132274394293
20260401,0.004869067319374843,0.0038878683113634347,0.015908581671521427,1.711830596013224,1.3527523011288423,1.1264528732266128
20260402,-0.014982266815354597,-0.01549524063080024,-0.009925011027790087,1.6861834932810664,1.3317910787089822,1.115272816037553
20260403,-0.027760652507482476,-0.03071265128387491,-0.007796836711962518,1.6393739392602378,1.2908882437256175,1.1065772160016174
20260407,0.028620151415022763,0.0196207166958472,-0.0017961383026494637,1.6862930696277083,1.3162163962417577,1.1045896502791177
20260408,0.029577422402507363,0.028277207009426923,0.03508771929824572,1.736169272042508,1.3534353197474875,1.1433471818678589
20260409,-0.021353922185874622,-0.01863489736321874,-0.006518904823989646,1.6990952485058057,1.328214191476238,1.1358938104084855
20260410,-0.007696730962174492,0.00018143626979069308,0.01531058617672798,1.6860177694989475,1.3284551777046225,1.1532850104803565
20260413,-0.0006809155530113735,-0.0023550899207730935,0.0021542438604049696,1.6848697337770422,1.3253265463054116,1.1557694676334809
20260414,0.004092646304169189,0.0015483530734208982,0.012897678417884695,1.6917653096659915,1.3273786197366697,1.1706762105522273
20260415,-0.0001784624545835057,-0.003419650219895066,-0.0038200339558573937,1.6914633930762493,1.322839449147803,1.1662041876766034
20260416,0.019656115310223665,0.016141079879462616,0.011077971878994619,1.7247109925735782,1.344191506364202,1.1791233648728505
20260417,-0.0043586894848561585,-0.0015782627310604162,-0.001474926253687503,1.7171935129058318,1.3420700190062995,1.1773842448656633
20260420,0.010104255719202282,0.008026744417319836,0.005486389533656766,1.7345444752795878,1.3528424720390106,1.1838438334637866
20260421,0.02131981139523194,0.008522102181436477,0.0023084994753410637,1.77152463634919,1.3643715338211144,1.1865767363322235
20260422,-0.0020706537303497793,-0.007447665678917913,0.0073283082077051365,1.7678564222525273,1.3542101507753823,1.195272336368159
20260423,0.03290591893032529,0.01168348590218739,-0.00207856994387845,1.826029362363624,1.3700320459805657,1.1927878792150348
20260424,-0.010426148372529044,0.0033238298516309805,-0.003957508852322489,1.8069909092990262,1.3745857993926869,1.1880674106240983
20260427,0.01603787293003056,0.013052068298784443,0.0,1.8359711998880843,1.3925269871288994,1.1880674106240983
20260428,0.01618955746575701,0.0008384291502608026,-0.0025094102885823144,1.865694761134147,1.393694522347433,1.1850860620403487
20260429,0.02177312431900441,0.003826195783646224,0.010691823899371178,1.9063167651096362,1.3990270704525298,1.1977567935212834
20260430,0.003537686730804901,-0.0007654033173856499,0.000622277535780924,1.9130607166342752,1.3979562504916931,1.1985021306672208
20260506,0.01771146122567349,0.006111607341076689,0.013266998341625147,1.9469438173393023,1.4065000101747023,1.214402656447217
20260507,-0.02024390506047391,-0.007720844854290417,0.004909983633387904,1.9075300715430088,1.3956406418085856,1.2203653536147157
20260508,-0.022909554009192673,-0.0019217961574873239,-0.005293159609120468,1.863829408344835,1.3929585049859248,1.2139057650165923
20260511,-0.010182171847529287,-0.0009791588386805885,0.016373311502251298,1.8448515770145892,1.3915945773538525,1.2337814222415877
20260512,-0.022054635272082457,-0.01372678950541329,-0.000604107933950937,1.8041640483524062,1.3724924515136416,1.2330360850956503
20260513,-0.005465975024975422,0.0009335797790839434,0.010880515817046188,1.7943025327231532,1.37377378271332,1.2464521537225222
20260514,-0.024682542421879755,-0.009442500169756759,-0.015148495116603655,1.7500145843415278,1.360801923536842,1.2275702793587764
20260515,0.0222414055446174,-0.002567990709169141,-0.012750455373406022,1.7889373684208627,1.3573073968401799,1.2119181992940928
20260518,-0.004480607892646538,0.0020641809396714063,-0.005330053300533044,1.780921841528466,1.3601091248980122,1.2054586106959693
20260519,0.025329591480987346,0.017849319491239444,0.00350370981038739,1.82603186423395,1.3843861472112668,1.2096821878562807
20260520,-0.017687405743859852,-0.009023698416133546,0.0004107619634421411,1.7937340977500273,1.3718938641273593,1.2101790792869056
20260521,-0.021589242988151264,-0.027231221118813546,-0.012933689180866459,1.7550087364575697,1.3345355189617636,1.1945269992222216
20260522,0.024718007929666774,0.014496977927036414,0.011231281198003318,1.7983890563219622,1.3538822509229984,1.2079430678490934
20260525,0.022439444490081506,0.015345330159863245,0.015425750719868514,1.8387439077228689,1.3746580210609904,1.2265764964975268
20260526,0.013086285478965565,0.0001562387816964687,0.007089325501316468,1.862806235422039,1.3748727959554503,1.235272096533462
20260527,-0.034575426438280016,-0.02593867831348136,-0.008045052292839805,1.798398915460435,1.339210412779205,1.2253342679209644
20260528,-0.003423984503798133,0.004174618284003896,0.0,1.792241225442251,1.3448011050545214,1.2253342679209644
20260529,-0.021095785638210768,-0.02219907158252738,-0.0018248175182482562,1.754432488738357,1.3149477690591542,1.2230982564831523
20260601,-0.001255714307762501,0.02001496581774287,-0.011172049563274444,1.752229422760245,1.3412664037089905,1.209433742140968
20260602,-0.006147804673313245,-0.016861579715381124,0.013968775677896339,1.7414570585262827,1.3186505333232887,1.2263280507822139
20260603,-0.0001631629935103518,-0.009884403217420134,0.005875202593192741,1.7411729171795438,1.3056164597490552,1.2335329765262746
20260604,-0.009416568531914526,-0.017938621668184565,-0.00785498489425962,1.724777043079009,1.2821955000338623,1.2238435936290897
20260605,0.01429949075577916,0.016126308432235427,-0.01684937068615522,1.7494404764622975,1.3028725801378327,1.2032225992581569
20260608,-0.0006841667568860677,-0.011040221395779433,-0.021474292793722927,1.748243567445151,1.2884885784026205,1.1773842448656628
20260609,0.026016278865895137,0.013869817177403944,0.018358303439544255,1.7937263596213113,1.306359679420238,1.1989990220978453
20260610,-0.028858817227660177,-0.006312112083435986,-0.008702859510982153,1.7419615384525637,1.2981137907024558,1.1885643020547227
20260611,0.006711020645101012,-0.0004949794989074826,-0.0068979933110366876,1.753651878300091,1.2974712509888089,1.1803655934494124
20260612,0.0034686367226254844,0.010679290934131695,0.014102294253841352,1.7597346596038639,1.3113273239567902,1.197011456375346
20260615,0.013821242534093864,0.0028730534109833858,0.020963055209630488,1.7840563791298998,1.3150948373978,1.2221044736219027
20260616,0.015071936649999729,0.002146448067656011,-0.0018296401707663668,1.8109455638561733,1.3179176201703169,1.2198684621840907
20260617,0.0122276695066533,-0.0037615867389694754,0.009775967413441888,1.8330892077055463,1.3129601587272302,1.2317938565190878
20260618,-0.03456708291515018,-0.00878880915892104,0.005244050020169366,1.7697246610719217,1.30142080245891,1.2382534451172111
20260622,-0.005856588527502121,0.0036840260080273674,0.021468699839486405,1.7593601119250504,1.3062152705425565,1.2648371366556426
20260623,-0.005997227213278,0.0037414664139987673,-0.02926733451188368,1.7488088295838575,1.3111024311067438,1.2278187250740888
20260624,-0.019394788752629455,-0.02349244594128036,0.005058680696074402,1.7148910517653455,1.2803014281204874,1.2340298679568997
20260625,-0.0068120865370446815,-0.009819815696236894,0.016307630360378633,1.7032090655191163,1.2677291040607153,1.2541539708972076
20260626,-0.029398670537693045,-0.012882347704956231,-0.027931854199683026,1.6531369833451077,1.2513977769465126,1.2191231250381533
20260629,-0.019408028717948334,-0.006216488896535751,0.010597106174852211,1.6210528532976434,1.243618476560975,1.2320423022344003
20260630,0.013101011521676864,0.003804080952703391,0.012099213551119314,1.6422902854059427,1.2483493019200906,1.2469490451531469
20260701,0.008471943360589762,0.030188724572456995,-0.004184100418409997,1.6562036756855487,1.2860353751659752,1.2417316851315856
20260702,-0.0076516703260235686,0.00438376198168861,-0.029611844737895243,1.6435309511664544,1.2916730481507346,1.2049617192653441
20260703,-0.008562814230076043,0.010721272490570569,0.005360824742268067,1.629457700950236,1.3055214268686843,1.2114213078634677
20260706,0.0042666727595608855,0.009224426178990415,0.0002050861361770906,1.636410063735737,1.3175641128959248,1.21166975357878
20260707,-0.027127456325679672,-0.011364501328843724,-0.010457248308386347,1.592018421200843,1.3025906537840823,1.1989990220978453
20260708,-0.008371134678210629,-0.002124302865738153,-0.0058019063406548055,1.5786914205867786,1.299823556725365,1.1920425420690968
20260709,-0.0029612832679536405,-0.004292614202117206,0.02459358065860795,1.574016468097733,1.2942439156655192,1.221359136475965
20260710,0.0029980956667458036,0.00748465129808516,-0.01769731489015469,1.5787355200501236,1.3039308800689438,1.1997443592437824
20260713,0.0025892879738134145,-0.007061206270853708,-0.017601987989231627,1.5828233209460214,1.2947235551618412,1.178626473442225
20260714,-0.011473513337046715,0.021137163337044743,0.019603709949409742,1.5646627764629586,1.3220903384236162,1.201731924966282
20260715,0.017873120150394717,0.007025526736627936,0.00020673971469920005,1.5926281822615314,1.3313787194444489,1.2019803706815944
20260716,-0.01599119304436783,-0.003425452163156492,-0.017569243489044983,1.5671601575510867,1.3268181453299475,1.1808624848800369
20260717,-0.04853624984398752,-0.03551349875852971,-0.03450452345886801,1.4910960805986444,1.2796981907729776,1.1401173875687964
20260720,-0.009011737978815881,-0.008195790258747001,0.01329265635214627,1.47765871341905,1.2692100528069044,1.1552725762028553
20260721,0.018318398237756023,-0.0005121332843912572,0.0294623655913977,1.50472705419095,1.268560048093978,1.1893096392006597
20260722,0.008276628223128774,0.0007156565595702023,-0.0045957802381451085,1.5171811205957724,1.2694679014136052,1.1838438334637857
20260723,0.025694363439551005,0.013683128253640072,0.004616998950682127,1.5561641237119854,1.2868381935225268,1.1893096392006595
20260724,-0.02970825862126844,-0.023125910806068007,-0.017965322749112222,1.5099331974676102,1.2570788882372832,1.1679433076837895
20260727,0.02733292898163836,0.012425296790077738,0.011061476281642335,1.5512040943210106,1.2726984665121723,1.1808624848800366
20260728,-0.020324307783643997,-0.010004472457510672,-0.026509572901325607,1.5196769448727816,1.2599657897572352,1.1495583247506689
20260729,0.019883005234277856,0.011481753067344072,0.0064836827317917844,1.5498926895220984,1.274432405828529,1.1570116962100423
20260730,-0.021502281847817106,-0.015337184486944058,-0.011165986686708207,1.516566460078123,1.2548862009041968,1.1440925190137954
20260731,0.017377236581319233,0.006228545281670904,0.010423452768729469,1.5429201942461943,1.2627023164298725,1.1560179133487924
20260803,0.016188940246238626,0.02786502263967514,-0.011605415860734936,1.567898437075561,1.297887545064361,1.1426018447219206
20260804,0.016063182035378987,0.01209460899334668,0.011306805827353772,1.5930838750832919,1.3135849874392491,1.1555210219181675
20260805,0.019538582931810045,0.0169109610885917,0.013545474091593235,1.624210476493936,1.3357989720483927,1.1711731019828513
20260806,0.00901351515404017,0.021295757414280015,-0.0010606703436574216,1.638850322237165,1.3642458229113799,1.1699308734062888
20260807,0.005153487029070564,0.004558089447847109,0.00891909110214506,1.6472961161154025,1.3704641774010617,1.1803655934494115
20260810,0.035466475702345124,0.03614813901505422,0.0016838560303094052,1.7057199037921769,1.4200039070009072,1.182353159171911
20260811,-0.003588879673930734,0.0013631801490054103,-0.006513973523849748,1.699598280300038,1.421939628138441,1.174651341997225
20260812,0.018435311077716898,0.028686025451657843,0.004230118443316444,1.730930903304522,1.4627294245019413,1.179620256303474
20260813,-0.018885662804815323,-0.0191875940094756,-0.00400168491996622,1.6982411259262784,1.4346631661588842,1.1748997877125376
20260814,0.02463328218219482,-0.003536967270804001,-0.0006343835906111872,1.7400743787946287,1.4295888094955522,1.1741544505666002
20260817,0.021514195418537246,0.029280185938831645,0.01586965721540423,1.777510679022806,1.4714474356536549,1.1927878792150335
20260818,-0.0073822482869393136,0.0013767333815115526,-0.0029160591543430092,1.7643886538575735,1.4734732264574588,1.189309639200659
20260819,-0.03549396639723937,-0.0148848281308325,-0.027783580530603702,1.7017635022658824,1.4515408307262563,1.1562663590641042
20260820,-0.00631749227474393,0.0022906028766762985,-0.00021486892995281615,1.6910126244868764,1.4548657343287308,1.1560179133487918
20260821,0.02277057198044935,-0.013072066756772027,0.005802707930367523,1.7295179491726034,1.4358476323274454,1.1627259476622278
20260824,-0.0017184955585650974,-0.015039687503148111,-0.011324786324786285,1.7265457802584916,1.4142529326351054,1.1495583247506684
20260825,0.016778800671420846,0.017969903587234926,-0.0023773503349904246,1.7555151477555317,1.4396669214825226,1.1468254218822314
20260826,-0.002647525382036081,0.009668396433527985,0.0077989601386483365,1.7508673768433003,1.4535861920116524,1.1557694676334795
20260827,0.007361483826598181,0.00364287797369688,0.008383490971625163,1.7637563587204508,1.4588814291334014,1.165458850530665
20260828,0.007865084841163716,0.007311710016797627,-0.002558089959496801,1.777628452120929,1.469548347092116,1.1624775019469158
20260831,-0.014094495913617056,0.001938109132062521,0.0012823252831799525,1.752573675166581,1.4723964921636226,1.1639681762387901
20260901,-0.004625044075169532,0.001697545980698341,-0.00021344717182480988,1.7444679446739537,1.4748959529108892,1.1637197305234779
20260902,-0.010365318808664176,-0.019627276929233783,-0.01366353543979515,1.726385978275913,1.445947761601301,1.1478192047434814
20260903,0.012424006997367343,-0.005507689263593805,0.0002164502164503368,1.7478346097501698,1.437983930639012,1.148067650458794
20260904,-0.010500312300261994,-0.003482618290547344,-0.001082016879463521,1.7294818004985864,1.4329759815006555,1.1468254218822316
