date,zoo_strict_ret,zoo_extended_ret,benchmark_ret,zoo_strict_nav,zoo_extended_nav,benchmark_nav
20210817,-0.03052833271335281,-0.02920747386388739,-0.022328548644338087,0.9694716672866472,0.9707925261361126,0.9776714513556619
20210818,-0.006365905534196057,0.00937925041779323,0.010807504078303332,0.9633001022346209,0.9798978323424652,0.9882376395534289
20210819,0.0060592249745977265,-0.001683390563722687,-0.006858987290700003,0.9691369542721134,0.9782482815780875,0.9814593301435406
20210820,-0.018679446436241327,-0.011565557146006239,-0.018281535648994485,0.9510340124454054,0.9669342951745137,0.9635167464114832
20210823,0.015029460985675695,0.02574905578528284,0.014897579143389406,0.9653275410315042,0.9918319402816654,0.9778708133971293
20210824,0.008323176982034735,0.0045855279373925514,0.010601427115188411,0.9733621330011417,0.9963800133530253,0.988237639553429
20210825,0.0022381089071975353,0.00457978544216369,0.00282428888440589,0.9755406234609403,1.0009432200330424,0.9910287081339713
20210826,-0.021942005185063417,-0.0054173367997699525,-0.01709917521625437,0.9541353060427203,0.9955207734926771,0.9740829346092502
20210827,0.0003977702112045133,-0.0005170669860302526,0.002660663119115725,0.9545148326449227,0.9950060225667967,0.976674641148325
20210830,-0.0011302660719224888,0.0029663595070570335,-0.003674219228413822,0.9534359769144374,0.9979575681414168,0.9730861244019137
20210831,-0.0027737519852626498,0.003625152927365917,-0.00040975209997962114,0.9507913819806502,1.0015753169409516,0.9726874003189789
20210901,0.008863679797911805,8.822251981295028e-05,0.01434720229555242,0.9592188923451407,1.0016636784391946,0.9866427432216903
20210902,-0.0066209174134609665,0.009669253564165436,-0.0008082440897149157,0.952867983277492,1.0113490185320377,0.9858452950558213
20210903,0.0019218436981998507,-0.0026764662998493014,-0.005460060667340727,0.9546992466063702,1.008642176966551,0.9804625199362041
20210906,0.01715083377240786,0.011001202092484464,0.017080113867425695,0.971073134687559,1.0197384533943636,0.9972089314194577
20210907,0.004591195334187059,0.012062513326076562,0.012594962015194167,0.9755315211326909,1.032039062077546,1.009768740031898
20210908,0.008046121619326899,0.007145255849396702,-0.004146100691016952,0.9833807663952114,1.0394132452226614,1.0055821371610845
20210909,-0.007181196949736553,0.004329617600842755,-0.0003965107057889439,0.9763189154351446,1.0439135071037264,1.00518341307815
20210910,-0.006568249146163143,-0.008281478823530405,0.00971836572788587,0.9699062095524548,1.0352683595010497,1.014952153110048
20210913,-0.004095593033918528,0.004441979424534952,-0.005303476723629963,0.9659338684370574,1.0398670002528254,1.009569377990431
20210914,-0.005829128210907672,-0.010344020920486582,-0.013033175355450233,0.9603033160746798,1.0291105942476866,0.9964114832535887
20210915,-0.0011343371242103044,0.00686635245412945,-0.010604241696678618,0.9592140083727541,1.0361768303020698,0.9858452950558216
20210916,0.0024096546705811347,-0.012856030228783635,-0.011324570273003043,0.9615253828881164,1.0228557096493411,0.9746810207336526
20210917,-0.0036602315485473116,-0.0033935149587785264,0.007977091429740124,0.9580059773469403,1.0193846334979741,0.9824561403508774
20210922,-0.011450240718442776,-0.0010539526468175615,-0.006696428571428714,0.9470365782966107,1.0183102503653738,0.9758771929824561
20210923,0.014377904034842848,0.010075480737679809,0.005924412665985868,0.9606529793368453,1.028570215677912,0.9816586921850081
20210924,-0.0015412817537117612,-0.021780399414591714,0.0014216084484159897,0.9591723424281446,1.0061675455544943,0.9830542264752793
20210927,-0.010557658005041302,-0.03697561464879154,0.00648955587102007,0.9490457288688939,0.9689638821179509,0.989433811802233
20210928,-0.010929254287798484,-8.067847891777506e-05,-0.0018134193028411794,0.9386733667673368,0.9688857075858154,0.9876395534290271
20210929,-0.023260822754818628,-0.02867482332117103,-0.006661283811061569,0.9168390519582928,0.9411030811023844,0.9810606060606062
20210930,0.008659980448457626,0.020722153212499622,0.002844950213371167,0.9247788602226342,0.9606047633377436,0.9838516746411483
20211008,0.01834359406079937,0.02262760199276217,0.014387031408308104,0.941742628230567,0.9823409455949016,0.998006379585327
20211011,-0.00914129684679072,-0.0029368737038361474,-0.00019976028765489318,0.9331338793126345,0.9794559343035825,0.9978070175438596
20211012,-0.012522609943780204,-0.015438827245173148,-0.010389610389610282,0.9214486077166759,0.9643342833396098,0.9874401913875599
20211013,0.012968340651395153,0.005587577753046507,0.01130627902281467,0.9333982671542996,0.9697225761276983,0.9986044657097292
20211014,-0.003151373681627908,0.0069251424429581515,-0.005390297464563765,0.9304567804207126,0.9764380430975349,0.993221690590112
20211015,-0.013742061518098658,-0.009547869149319254,0.004817342432757776,0.9176703861042391,0.9671151404296223,0.9980063795853271
20211018,-0.011867242497562365,0.007046808721451405,-0.011586096683979141,0.9067801690995084,0.9739302158358496,0.9864433811802236
20211019,-0.008747355737117208,0.005172478922700076,0.00949878738884391,0.8988482403850317,0.9789678493494413,0.9958133971291868
20211020,0.005908476463277503,-0.006835115196197622,-0.002802802802802873,0.9041590640574051,0.972276491325764,0.9930223285486445
20211021,0.0009648632711826549,-0.0012016963650547199,0.004416783778357747,0.905031453929621,0.9711081102003096,0.9974082934609252
20211022,0.011169139891270611,-0.004027136013754339,0.006596042374575228,0.915139876844561,0.967197325756473,1.0039872408293462
20211025,0.003219313710106703,0.004206214267851659,0.003375694996028633,0.918085999196752,0.9712655649478978,1.0073763955342905
20211026,0.003925893246369767,-0.0022099105978065662,-0.00336433801701963,0.9216903068205852,0.9691191548826349,1.0039872408293462
20211027,-0.031757783922283386,-0.021009249734655382,-0.013105639396346236,0.892419465213314,0.9487586885350675,0.9908293460925042
20211028,-0.0016193894031150532,-0.015647564416947875,-0.004225352112676051,0.890974290588214,0.933912925840076,0.9866427432216908
20211029,0.019904355398779043,0.016946235557494516,0.00646595271772088,0.9087085595192568,0.9497392342715508,0.9930223285486447
20211101,0.0031773867110477553,0.01598592079546564,-0.003212206384260341,0.9115958780204887,0.964921690446962,0.9898325358851676
20211102,-0.006492961982328032,-0.01532994090424293,-0.010473313192346345,0.9056769206412547,0.9501294979551879,0.9794657097288678
20211103,0.0029856579315545254,0.008194907931690448,-0.004070832485243203,0.9083809621227932,0.957915721714114,0.9754784688995217
20211104,0.01566832247927093,0.013528546162342957,0.009605558961782279,0.9226137679713634,0.9708749287749574,0.9848484848484852
20211105,0.00578111580521951,-0.0017436063059332212,-0.00344129554655892,0.9279475050074957,0.969182105126873,0.9814593301435408
20211108,-0.0009590187457899427,0.011333725867551093,-0.0008125126955108586,0.9270575859550845,0.9801665494221169,0.9806618819776716
20211109,0.003951378581310097,0.01191470199595627,-0.0004065867046146865,0.9307207414438684,0.9918449417648861,0.9802631578947371
20211110,0.010153025021495721,0.004163393796043511,-0.0050844010575553655,0.940170372419773,0.9959743828420672,0.9752791068580545
20211111,0.004180652579572413,0.012253442177976043,0.01635322976287812,0.9441008981124673,1.008178497352968,0.9912280701754389
20211112,0.005583918284807704,0.007159422582928358,-0.0004022526146421068,0.9493726803801409,1.0153964732545395,0.9908293460925042
20211115,0.012652044711794878,0.010762978005422181,-0.0012072434607645066,0.9613841859804669,1.0263251631629613,0.9896331738437004
20211116,-0.007533330141674051,-0.0053840292983627835,-0.0008058017727639033,0.9541417615144916,1.020799398414845,0.9888357256778312
20211117,0.003420367640714992,0.014187836646245552,-0.00020161290322584513,0.9574052771202305,1.0352823335281405,0.9886363636363639
20211118,-0.013965205816366007,-0.008341647609581435,-0.008872756604153986,0.9440349153755716,1.0266463731254236,0.9798644338118025
20211119,0.006083497735262207,0.011772870013088174,0.011190233977619535,0.9497779496452673,1.0387329474256377,0.9908293460925043
20211122,0.012571455813424387,0.010439206570678573,0.002615694164989968,0.9617180411717976,1.0495764952355837,0.9934210526315793
20211123,0.012313403495626152,0.0030193170068397984,0.0006020469596628164,0.973560063461769,1.0527454993976277,0.9940191387559812
20211124,0.0229007807904788,0.011633931394030884,0.002206177296430134,0.9958553490614717,1.0649930683129945,0.9962121212121218
20211125,-0.0033797241533014754,-0.002148012664978333,-0.0038022813688214363,0.9924896326850542,1.062705449714144,0.9924242424242429
20211126,-0.003694665754603391,-0.000961481525475461,-0.008437123342707853,0.9888227152273737,1.0616836780572216,0.9840510366826162
20211129,-0.02202397391897295,-0.002861440366469426,-0.0014181523500809146,0.9670449095367181,1.058645733524407,0.9826555023923451
20211130,0.008800712880156856,0.00677608215357242,-0.0036518563603167298,0.9755555941277679,1.0658192039862975,0.9790669856459334
20211201,0.010404094449142516,0.009941418199639276,0.0026471187130931995,0.9857053666694626,1.076414958418332,0.9816586921850086
20211202,-0.009603023279360953,-0.006510293668159025,0.002030869212022779,0.9762396150867448,1.0694071809302295,0.9836523125996817
20211203,0.011128843915304523,0.0026171661630929608,0.00912038913660318,0.9871040333869823,1.0722059972187286,0.9926236044657104
20211206,-0.022746291530543576,-0.018182054062779913,-0.0010042177144004016,0.9646510772725866,1.0527110898108607,0.991626794258374
20211207,-0.0026193531569596337,-0.005377877653276693,0.005629272215520675,0.9621243154279682,1.0470497383656103,0.9972089314194584
20211208,0.012187579579416257,0.011531833337682344,0.014394242303078952,0.9738502820875379,1.0591241414447066,1.0115629984051047
20211209,0.016472096068220435,0.007932353508262217,0.01655498620417828,0.9898916374901474,1.0675254885437808,1.0283094098883583
20211210,-0.0016945880854227764,0.007121856578534275,-0.0029081039162466293,0.988214178915397,1.0751282519671193,1.0253189792663486
20211213,0.008786912474759068,0.006713041947731839,0.002527707563678705,0.9968975304118425,1.0823456330217662,1.0279106858054234
20211214,0.010749966524285828,0.0047441614539586105,-0.006012412723041205,1.007614145491913,1.0874804554538084,1.0217304625199368
20211215,-0.014043626350782188,0.004173703751617748,-0.008975609756097569,0.9934635889268619,1.092019276710547,1.0125598086124408
20211216,0.00834990395998521,0.008544721021210074,0.005316007088009389,1.0017589144821435,1.1013502767798224,1.017942583732058
20211217,-0.008579159511910269,-0.0008108791147670084,-0.014296905601253296,0.9931646649623231,1.1004572148423388,1.0033891547049447
20211220,-0.005274638780227117,-0.007258693901009446,-0.01490164911583558,0.9879260801053615,1.092469332768641,0.9884370015948968
20211221,0.012785475670396874,0.021163689240011344,0.004235578862444411,1.0005571849666992,1.115590014231599,0.9926236044657101
20211222,-0.0017334404142722785,0.00745285977430111,0.000602530628640352,0.9988227787054874,1.1239043501732777,0.993221690590112
20211223,-0.001079968545385844,-0.0044537808408044565,0.007627458851866553,0.9977440815220706,1.118898726511579,1.0007974481658695
20211224,0.0030149975429228327,-0.019153543145440315,-0.004581673306772727,1.0007522774763253,1.0974678514779614,0.9962121212121217
20211227,0.015594540567792789,0.004703769507330038,0.0008004802881729223,1.016358549465741,1.1026300872930184,0.9970095693779909
20211228,0.006162810691280279,0.0076511178965405335,0.005198960207958292,1.0226221748005626,1.1110664400871701,1.0021929824561406
20211229,-0.005052866373931199,-0.002779615816542464,-0.013328028645315348,1.0174550016002764,1.1079781022370743,0.9888357256778312
20211230,0.0011629437741309029,0.005171120841018358,0.007258064516129092,1.0186382445598459,1.1137075908929444,0.9960127591706542
20211231,0.006337832652247068,0.0006660562183825175,0.0024019215372297342,1.0250942032870447,1.1144493827593183,0.9984051036682619
20220104,0.016291392958217476,0.015265404614061236,-0.0035942492012780436,1.041794415771985,1.13146190350903,0.9948165869218503
20220105,-0.0016256577121612067,-0.008908953328195472,-0.009418837675350678,1.0401008146454989,1.1213817622180369,0.985446570972887
20220106,0.007197613344406011,0.01083331198705343,-0.011329152336637782,1.047587058148519,1.1335300407047366,0.9742822966507179
20220107,-0.009472885430941977,-0.018591155356637242,0.0024554941682013443,1.0376633859677404,1.1124564076165795,0.9766746411483255
20220110,0.009667251538522426,0.007797810522075071,0.0026536027760766245,1.0476947389322053,1.121131131897242,0.9792663476874003
20220111,-0.008581782790381957,-0.0021798912148763214,-0.009161237785016207,1.0387036502520632,1.1186871879920948,0.9702950558213717
20220112,0.02078713204422474,0.012615086341440566,0.010684199712348352,1.0602953201846712,1.1327995234576782,0.9806618819776713
20220113,-0.007643084344066626,-0.009302868288893729,-0.016466761536897634,1.0521913936228806,1.1222612386932298,0.9645135566188198
20220114,-0.00993232596869655,-0.007977742387471877,-0.009094667217858787,1.0417406857199611,1.1133081276394903,0.9557416267942582
20220117,0.001322584221286979,0.010551447863292417,0.008552357113058129,1.043118475513567,1.125055140304058,0.9639154704944178
20220118,-0.02235360685514158,-0.017080044055568615,0.009513960703205981,1.0198010152086021,1.1058391489427208,0.973086124401914
20220119,0.007276699966341313,0.0023207134645021037,0.010121076009665275,1.0272218012216454,1.1084054847452456,0.9829348030309364
20220120,-0.02800670575603164,-0.02678560831204544,0.00794979079497904,0.99845270248865,1.0787161695799365,0.9907489290801362
20220121,-0.0031665597299920553,-0.011346337789175322,-0.007056870070568655,0.9952910423686477,1.0664766915412371,0.9837573426150626
20220124,-0.012581410637929996,-0.005511122029031947,0.0004180602006689238,0.9827688770603544,1.0605992083530351,0.9841686124071258
20220125,-0.04180378339985677,-0.04352351160379311,-0.02214793146677807,0.9416854197916029,1.014438206401308,0.9623713134277787
20220126,0.004280191589197488,0.005609214952576792,0.005555555555555758,0.9457160138050648,1.0201284083571194,0.9677178207245999
20220127,-0.03018366723616422,-0.03190503590271168,-0.017212069698257726,0.9171708363444611,0.9875811748631094,0.951061394146042
20220128,0.017545896393530942,0.015479830036012108,-0.015351351351351239,0.933263420814129,1.0028687635967555,0.9364613165278002
20220207,0.014690164799500968,0.015087337454829692,0.015810276679841806,0.9469732142672347,1.0179993830560476,0.9512670290420736
20220208,0.01503556736986222,0.014708384262231842,-0.0047557284911370346,0.9612114938278046,1.032972509160751,0.9467430613293789
20220209,0.00578005418565588,0.012425706294527548,0.008470894874022417,0.9667673483460045,1.0458079221699035,0.9547628222746103
20220210,-0.008971263971899401,-0.005073670267599801,-0.002369157872065486,0.9580942232645793,1.0405018376095698,0.9525008384182629
20220211,-0.014929320798480063,-0.019391181540337026,-0.007772020725388518,0.9437905272502918,1.0203252775834284,0.9450979821611263
20220214,0.004815098247496606,0.002346901456832717,-0.010661444734551773,0.9483349713640585,1.0227198804638322,0.9350218722555791
20220215,0.01102995560877117,0.0050501223523902,0.009236859467780967,0.9587950640004493,1.0278847409923966,0.9436585378889053
20220216,0.031078311295081516,0.01874624519567491,0.004576160383525929,0.9885927954676428,1.0471537203799328,0.9479768707055685
20220217,-0.00047039857052775353,-0.0027863037093419103,0.002169197396963085,0.9881277628298207,1.044236032084587,0.9500332196658842
20220218,0.01304634471256295,0.010227280405098023,0.0051948051948051965,1.0010192182437523,1.054915726793823,0.954968457170642
20220221,0.013302597596843277,0.015001229430346636,-0.003660637381567744,1.0143353740907555,1.0707407596411378,0.9514726639381051
20220222,-0.020309085486293836,-0.011027040774290814,-0.012967365463583125,0.9937351502665744,1.0589336576258799,0.9391345701762107
20220223,0.01586467353663483,0.016529227011163793,0.010510181738559332,1.0095004340074323,1.0764370124425402,0.9490050451857265
20220224,-0.03279783142035031,-0.025639769318236767,-0.018418201516793187,0.976391008954086,1.0488374157579015,0.9315260790230423
20220225,-0.00014355308123282736,0.011067095913611491,0.00772626931567344,0.9762508450162627,1.0604450000358785,0.9387233003841476
20220228,-0.0020246260726884038,-0.002895033636820031,0.001314348302299928,0.9742743021019586,1.0573749760907771,0.939957109760337
20220301,0.013169084936690225,0.00803159686065708,0.008313279369940973,0.987104603137974,1.065867385629285,0.9477712358095369
20220302,0.007638515108501332,0.0026458754268338792,-0.007593838142764042,0.9946446165627147,1.0686875379531853,0.9405740144484318
20220303,-0.00033097694417445864,0.001725672116889643,-0.006340183646698638,0.9943154121269852,1.0705317422390985,0.9346106024635161
20220304,0.00373729952166766,-0.011555234621930843,-0.011221122112211379,0.998031466641114,1.0581614967873014,0.9241232227659055
20220307,-0.038308895968579684,-0.01655279893286283,-0.03293279928793946,0.9597979830121905,1.040645962292484,0.8936892581532322
20220308,-0.04733602526800254,-0.029042842410946783,-0.01886792452830166,0.9143649614361476,1.0104226456040353,0.8768271966786431
20220309,-0.013907308182338773,-0.012042337997599366,-0.009380863039399778,0.9016486061263228,0.9982547945852429,0.8686018008373798
20220310,0.0037610097915720428,0.01593584205055603,0.014204545454545414,0.9050397153625213,1.0141628253179635,0.8809398945992744
20220311,0.012332194675200789,0.007749588290891964,0.006535947712418277,0.9162008413211602,1.0220221696741056,0.8866976716881585
20220314,-0.03663390215150041,-0.03108213977546427,-0.032467532467532534,0.8826368293490785,0.9902555337426718,0.8579087862437377
20220315,-0.05614901882808503,-0.053622842697599926,-0.047698945349952004,0.8330776373995958,0.9371552170263606,0.816987441933454
20220316,0.025823679481831337,0.033421937890386735,0.04354392146992203,0.8545907672912844,0.9684767604834676,0.8525622789469167
20220317,0.020891495952430894,0.018785455670895606,0.02026049204052116,0.8724444468471351,0.9866700377358223,0.8698356102135693
20220318,0.005663398692360031,0.016932313970482536,0.006619385342789386,0.8773854475865659,1.003376644600033,0.8755933873024532
20220321,0.00964600126610036,0.012530918974229786,-0.0014091122592766459,0.885848708724844,1.0159498760341505,0.8743595779262637
20220322,0.010548488547061646,0.004366709040729444,-0.0009407337723422726,0.8951930736832574,1.0203862335427567,0.8735370383421376
20220323,0.0031669282491386774,0.0013016742785582672,0.00588512241054584,0.8980280859167382,1.0217144440571544,0.8786779107429268
20220324,-0.012421957581135007,-0.009115816101933369,-0.006318745611981869,0.8868728191268127,1.0124006830764403,0.8731257685500745
20220325,-0.0026955128402965144,-0.0012235197727440642,-0.018134715025907133,0.8844822420551464,1.0111619908227567,0.8572918815556427
20220328,0.0008785202851284307,-0.0002880428862281205,-0.005996641880546827,0.8852592776466277,1.010870732804476,0.8521510091548534
20220329,-0.0008994548287645125,-0.012148615855154707,-0.004343629343629307,0.8844630269146398,0.9985900525924156,0.8484495810262851
20220330,0.016369863692797106,0.02080384980392054,0.029810954920019395,0.8989415661065513,1.0193645700622374,0.873742673238169
20220331,-0.00824647151215262,0.0012250554597196552,-0.007295834313956084,0.8915284700905638,1.020613348194237,0.8673679914611903
20220401,-0.007508168370323632,0.001332793250584919,0.012091038406827792,0.8848347242301868,1.021973614776167,0.8778553711588006
20220406,0.010092433875531907,0.012850107222186236,-0.0028109627547434624,0.8937648601752546,1.0351060853042862,0.8753877524064217
20220407,-0.03004161648075907,-0.022089194645960507,-0.012215175005872547,0.8669147190218903,1.0122414255067815,0.8646947378127798
20220408,-0.011074633553143167,-0.005510438081713169,0.006658739595719165,0.8573139561868968,1.0066635318077815,0.8704525149016638
20220411,-0.016126000932135426,-0.02495324024694833,-0.031183557760453562,0.8434889105302942,0.9815440148507404,0.8433087086254957
20220412,0.021722895388442843,0.016663666741562524,0.01706900755913221,0.8618119318950553,0.9979001372063884,0.8577031513477062
20220413,-0.00636252705560632,-0.01795756824199652,-0.0076720210980580905,0.8563286301615287,0.9799802773938069,0.8511228346746957
20220414,0.007566379955820314,0.009155616248774602,0.010630587098332756,0.8628079379443779,0.9889526007449924,0.8601707701000849
20220415,-0.02604876517357721,-0.016983716953789477,-0.00047812574707140065,0.8403328565789664,0.9721565096932254,0.8597595003080218
20220418,0.008776295304755615,0.005564425464447675,-0.0047835446065535026,0.8477078658825923,0.9775660021311909,0.8556468023873902
20220419,0.009900765562660944,0.00733201957069626,-0.006488824801730186,0.8561008227283193,0.9847335351904641,0.8500946601945378
20220420,-0.0007127362630967979,-0.01094594211954644,-0.01693275278180939,0.8554906486270939,0.973954698911093,0.8357002174723275
20220421,-0.04150762610117486,-0.03806234003560617,-0.01673228346456701,0.8199812626508289,0.9368837039818626,0.8217170445421802
20220422,0.009354249716975325,-0.003869402963995425,0.0025025025025025016,0.8276515721449056,0.9332585234007562,0.823773393502496
20220425,-0.07279929791175946,-0.07501839898349744,-0.04817773339990006,0.7673991187771926,0.8632469631375287,0.7840858585684017
20220426,-0.05169403828783528,-0.03930933085037333,-0.007867820613690069,0.7277291593490733,0.8293133026579755,0.7779168116874544
20220427,0.0022986085067407663,0.02350124315938652,0.02802008987575988,0.7294019237853564,0.8488031962390546,0.7997141106668014
20220428,-0.04203946972871491,-0.023998129579059616,0.006685523270763882,0.6987382536903155,0.8284335071485898,0.8050606179636226
20220429,0.054791747304420255,0.04658612145056708,0.025542784163473664,0.7370233435184471,0.8670270111263333,0.8256241075667802
20220505,-0.0008081460859286071,0.019710739488200575,-0.0037359900373598043,0.7364277209881447,0.8841167546718777,0.8225395841263066
20220506,-0.008434590764794126,-0.013342871296448169,-0.024250000000000105,0.7302162545337597,0.8723200986032573,0.8025929992112435
20220509,0.01827198830200489,0.01902804911827264,-0.008198821419420965,0.7435587573945344,0.8889186482863365,0.796012682538233
20220510,0.008026722167370326,0.01738458520322375,0.011624903125807329,0.7495270969552555,0.9043721302662048,0.8052662528596539
20220511,0.014414855162379808,0.006037839705586734,0.014044943820224809,0.7603314214981445,0.9098325842229521,0.8165761721413907
20220512,0.01762332035946232,0.009010125732509696,-0.0050365147318056636,0.7737309857185716,0.9180302902023352,0.812463474220759
20220513,0.011968443309682839,0.005869625460136274,0.007846114907618329,0.7829913411580894,0.923418784166883,0.8188381559977379
20220516,-0.013254167222521625,-0.000969938950483698,-0.007785032646911216,0.7726134429885937,0.9225231243205113,0.8124634742207589
20220517,-0.00636944405673643,-0.0024747750333093234,0.012401923563654771,0.7676923248859953,0.9202400871247924,0.8225395841263062
20220518,0.009291311850257564,0.00824686950208724,-0.0034999999999999476,0.7748251936815603,0.9278291870338999,0.8196606955818642
20220519,0.0007371401177912666,0.0044146368477752385,0.002257902659307476,0.7753963484160985,0.9319252159514212,0.8215114096461482
20220520,0.012730252415252932,0.010190231563763696,0.021026282853567002,0.7852673396533008,0.9414217497020766,0.8387847409128006
20220523,0.015058776777688573,0.014143307637356214,-0.007845060063741194,0.7970925052319492,0.9547365671246113,0.8322044242397901
20220524,-0.027493448977837624,-0.03826400890236188,-0.020261922411662914,0.7751776831087378,0.9182045186207447,0.8153423627652009
20220525,0.00957840845238825,0.019411486034157703,0.004287515762925853,0.7826026515807293,0.9360282328104518,0.8188381559977379
20220526,-0.004311288706934284,0.002778258424606981,0.0025113008538422132,0.7792286256069524,0.9386287611339275,0.8208945049580536
20220527,0.008102151673632265,0.003000263263736199,0.0025050100200398884,0.785542054120056,0.9414448945242438,0.8229508539183692
20220530,0.008260197470053174,0.008503586793584634,0.005747126436781658,0.7920307866081188,0.9494505528962078,0.8276804565270955
20220531,0.010888775760280892,0.007958891389678141,0.01590062111801238,0.8006550322387335,0.9570071267265786,0.8408410898731165
20220601,0.016352355416329394,0.009812221100989385,-0.0014673514306677848,0.8137476278917739,0.9663974922492424,0.8396072804969269
20220602,0.00553248314216564,0.007602492393362696,0.002694097477345281,0.8182496729250625,0.9737445218330321,0.8418692643532744
20220606,0.010553533452599915,0.01250223193988593,0.020029311187102827,0.826885098220856,0.985918501695182,0.8587313258278634
20220607,-0.010123130981728266,-0.005596610474106757,0.001436781609195581,0.8185144320647271,0.9804006998819791,0.859965135204053
20220608,0.007842059139962873,-0.00105390707018249,0.010043041606886627,0.8249332706478918,0.9793674486527616,0.8686018008373793
20220609,-0.022148491761716217,-0.01808865516048669,-0.008049242424242431,0.8066622428989814,0.9616520085986762,0.8616102143723057
20220610,0.012807112539645485,0.014094916289125951,0.013842482100238751,0.8169932570252714,0.9752064131591444,0.8735370383421371
20220613,-0.003015166000686449,0.005168835615549772,-0.012241054613936209,0.8145298867338987,0.9802470947999938,0.862844023748495
20220614,0.001004589223803239,0.004574215603723656,0.009532888465205058,0.8153481546805773,0.9847309563565327,0.8710694195897581
20220615,0.0019165362262942441,-0.0005690401764980225,0.011567516525023525,0.8169107989560648,0.9841706048793245,0.8811455294953053
20220616,0.01056162922225176,0.010701091290676317,-0.0063010501750291326,0.8255387079222921,0.9947023043677384,0.8755933873024528
20220617,-0.0020614009141319734,0.0042912822548016125,0.014795678722404837,0.8238369416751298,0.998970852715282,0.8885483857524421
20220620,0.017030545307554205,0.011669033383691432,0.004859986114325476,0.8378673340363649,1.0106278769449513,0.8928667185691053
20220621,0.0007349762087509896,-0.0017554120371632306,-0.0004606172270842368,0.8384831465929713,1.0088538086046694,0.8924554487770422
20220622,-0.01705587499604306,-0.011303406300462601,-0.011520737327188946,0.8241820828583927,0.9974503241082417,0.8821737039754634
20220623,0.018479716245209735,0.01816933097403208,0.0174825174825175,0.8394127338840017,1.0155733291771198,0.8975963211778316
20220624,0.021408068582469037,0.014476085287129258,0.010996563573883122,0.8573829392599883,1.0302748553056216,0.9074667961873473
20220627,0.016841063608135524,0.011057780028020098,0.010876954452753163,0.8718221798765959,1.0416674080239914,0.9173372711968629
20220628,0.0188284324083779,0.011561038126020502,0.011656579242322218,0.8882372248625271,1.0537101646427898,0.9280302857905048
20220629,-0.01264663595568844,-0.02086437343795961,-0.01218701528916466,0.8770040120373997,1.0317251622723087,0.9167203665087681
20220630,0.014425594369481796,0.0104235643086301,0.011215791834903621,0.8896553161754593,1.0424794158500859,0.927002111310347
20220701,-0.008621470721242398,0.0005161464669405133,-0.0033274179236910673,0.8819851789150549,1.0430174879174352,0.9239175878698735
20220704,-0.003749935317440834,0.0007598688234586991,0.006231916314266339,0.8786777915431819,1.0438100443888259,0.9296753649587575
20220705,-0.01051443284604172,-0.0048814263299505195,-0.0022119000221189067,0.8694389929106929,1.0387147625546795,0.9276190159984418
20220706,-0.004076224394055629,-0.009985928926587048,-0.013079139880292634,0.8658949644786472,1.0283422307608119,0.9154865571325788
20220707,0.0032196500476870038,0.007610274109190292,0.003593890386343057,0.8686828432423229,1.0361681970149579,0.9187767154690838
20220708,-0.0038112515016176613,0.0005522122524115761,-0.0008952551477169335,0.8653720744515861,1.0367403817889087,0.9179541758849576
20220711,-0.004890005023866333,-0.007322624097124604,-0.01702508960573479,0.8611404006600042,1.0291487216867592,0.9023259237865578
20220712,-0.0225891604059811,-0.016846166035737083,-0.008204193254329861,0.8416879620174245,1.0118115114457575,0.8949230675294212
20220713,0.008264527104264216,0.013694017228924943,0.0016084558823528106,0.8486441149928504,1.0256672757159204,0.8963625118016421
20220714,-0.0036321795387146013,0.005176071956830241,0.00022941041523272254,0.8455616872027228,1.0309762033387921,0.8965681466976735
20220715,-0.012911590397326355,-0.020665396370227046,-0.014908256880733939,0.8346441410418891,1.0096706714485242,0.883201878455621
20220718,0.018367298793812985,0.023082659286675473,0.010710128055879009,0.8499742993669109,1.0329765555493193,0.8926610836730736
20220719,0.006163776721981188,0.010776366846706166,-0.005067956692006659,0.8552133511676309,1.044108289855966,0.8881371159603787
20220720,0.008737359349071475,0.009276711404760472,0.002778420930771075,0.8626856575369061,1.0537941811362777,0.8906047347127577
20220721,-0.0033963968609605237,-0.003147110962998049,-0.01039021011313801,0.859755634677652,1.0504777739160802,0.8813511643913367
20220722,-0.0010750569800855973,-0.00828706621670908,0.0006999533364442367,0.8588313483814239,1.0417723950444566,0.8819680690794314
20220725,-0.01058472883956896,-0.009584872071380552,-0.004196782466775462,0.8497408514398852,1.0317871399104597,0.878266640950863
20220726,0.005069524105577675,0.011976626949090208,0.006789978927651763,0.8540486331697538,1.044144469576036,0.8842300529357789
20220727,0.006161032012764068,0.009230662060107322,-0.005581395348837281,0.8593104541391701,1.0537826143166222,0.8792948154310211
20220728,0.004447880334596209,0.005658272992850013,0.0007015902712816935,0.8631325642094486,1.0597452040235449,0.8799117201191159
20220729,-0.0027347012696872434,-0.004123713905492006,-0.013788268286982985,0.8607721544901966,1.0553751179894344,0.8677792612532529
20220801,0.001836530374386156,0.005433125631336201,0.004265402843601995,0.8623529886973437,1.0611091035936573,0.8714806893818213
20220802,-0.04876498396745269,-0.040801299254273095,-0.016753185464842058,0.8203003590292328,1.017814473516499,0.8568806117635792
20220803,-0.004075777016784127,-0.0057284831838684165,-0.010799136069114423,0.8169569976790417,1.0119839404206616,0.8476270414421583
20220804,0.018435229578091787,0.01366619356203892,0.007520621057738763,0.8320177874866835,1.0258139088321254,0.854001723219137
20220805,0.017163537749735832,0.012715516254751136,0.01565133638333749,0.846298156190663,1.0388576622642303,0.8673679914611896
20220808,0.005296851280519195,0.011019472590094333,-0.0033191085822665833,0.8507808716629824,1.0503053257985604,0.8644891029167474
20220809,0.001248873343539463,0.0019504717233600733,0.0016650808753568835,0.8518433892147955,1.052353916637425,0.8659285471889685
20220810,0.0011203721609598573,0.003060325853923419,-0.010686297791498434,0.8527977708335694,1.055574462535988,0.8566749768675476
20220811,0.014918841288300762,0.01473294231751094,0.021123379740758397,0.8655205254276521,1.0711261802043681,0.8747708477183261
20220812,-0.004619355994641916,-0.0035794257392355784,0.00023507287259039167,0.8615223780000323,1.0672921635849755,0.8749764826143576
20220815,-0.001816013680642336,0.0029592416389132665,-0.002350176263219539,0.8599578415754047,1.070450538996342,0.872920133654042
20220816,0.009076199505532331,0.010155029819141084,-0.002355712603062443,0.8677629905118901,1.0813209961397654,0.8708637846937262
20220817,0.0007193391227355546,0.0008541604387311632,0.009681227863046038,0.8683872063802274,1.0822446177562373,0.8792948154310208
20220818,-0.006336678292705697,-0.0010926962067003055,-0.008652946679139295,0.8628845160198945,1.0810620531676933,0.8716863242778525
20220819,-0.011672364839329803,-0.011903216193486162,-0.007077140835102691,0.8528126131347018,1.0681939378302643,0.8655172773969052
20220822,0.001046864551090427,0.006562480573138678,0.006414825374198241,0.8537053924281153,1.0752039397956197,0.8710694195897578
20220823,0.008756366545435122,0.003703303452101269,-0.003305004721435245,0.8611807497660303,1.0791857462575776,0.8681905310453158
20220824,-0.023702420402918298,-0.03235894434703909,-0.018237801989578584,0.8407686815921755,1.0442644347543106,0.8523566440508843
20220825,-0.0008847140946592185,-0.0017448738732753944,0.00868516284680343,0.840024841689223,1.0424423250253172,0.8597595003080211
20220826,0.004907373900870128,-0.005088505947563879,-0.001435063381965973,0.8441471576734112,1.0371378510544336,0.8585256909318316
20220829,0.01505185807230013,0.009246292438147544,-0.0059880239520957446,0.8568531408828468,1.0467275309239548,0.8533848185310423
20220830,0.022525277454315578,-0.00408633441304132,-0.0021686746987952255,0.8761539956188348,1.0424502521932624,0.851534104466758
20220831,-0.014433745250466106,-0.028469958501186665,0.0,0.8635078120458944,1.0127717367737685,0.851534104466758
20220901,0.0011168309878683805,-0.002486710432452573,-0.00821057715527651,0.8644722043286538,1.0102532667302402,0.8445425180016845
20220902,0.00634881936660506,0.01525031754239085,-0.005600194789384116,0.8699605822013873,1.025659949846114,0.8398129153929581
20220905,0.0020815182741432286,0.0054908774726880145,-0.0004897159647403448,0.8717714210510237,1.0312917229593626,0.839401645600895
20220906,0.005243279838405507,0.014779272347581316,0.007104360607545157,0.8763423625667186,1.0465334642027853,0.8453650575858106
20220907,-0.00024247236319250513,0.006171391104056656,0.0019459985405010372,0.8761298737631014,1.052992031513864,0.8470101367540631
20220908,-0.001728704014668938,-0.010087497792374934,-0.004369992716678706,0.8746153045329557,1.0423699767205794,0.8433087086254948
20220909,-0.002966193907751728,-0.0019138493865874086,0.014142891977566574,0.8720210259450235,1.0403750375800356,0.8552355325953264
20220913,0.0038854127725011767,0.0021353742104478165,0.00336619379658587,0.8754091875771199,1.0425966276044776,0.8581144211397685
20220914,-0.006470720228043061,-0.008026474577330429,-0.01102324466810456,0.86974465963925,1.0342282522785997,0.848655215922316
20220915,0.00397678071028451,-0.022526708524589493,-0.008965350133268712,0.8732034434245762,1.0109304938916241,0.8410467247691477
20220916,-0.03506745361450428,-0.027396553280434634,-0.022004889975550057,0.8425824221762596,0.9832344827529061,0.8225395841263058
20220919,-0.012949140689197907,-0.012926685920409726,-0.00275000000000003,0.831671703849254,0.9705245194082428,0.8202776002699584
20220920,0.01031890175786988,0.01687832062855163,0.0005013787916769985,0.8402536424560748,0.9869053434246862,0.8206888700620215
20220921,-0.0014477379448837118,0.0060833423905817755,-0.007516913054372298,0.8390371753745643,0.9929090265358331,0.8145198231810743
20220922,-0.011633257005923155,-0.006551698460385898,-0.007321383489018007,0.8292764402759083,0.986403785995375,0.8085564111961585
20220923,-0.020512704622230187,-0.01871914313211579,-0.0020345879959307034,0.812265737606354,0.9679391523392668,0.806911332027906
20220926,-0.00023562302077535856,-0.020226055818164692,-0.006371049949031482,0.8120743490995869,0.9483615610154656,0.8017704596271167
20220927,0.043315825096658524,0.026645922830614205,0.012823800974608668,0.8472500195706674,0.9736315299858045,0.8120522044286953
20220928,-0.016368061978368355,-0.02310729442360962,-0.014180805267156149,0.8333821787391609,0.9511335395623131,0.8005366502509271
20220929,0.000603831757118272,-0.004051729945497821,0.0002568713074750928,0.8338854013645,0.9472798033179011,0.8007422851469588
20220930,0.003667117263990099,-0.011672059155668626,-0.00667693888032872,0.836943356916033,0.9362230974166044,0.7953957778501378
20221010,-0.028918154692518676,-0.016087070735074732,-0.02042399172699061,0.8127404994518593,0.9211620102246527,0.7791506210636433
20221011,-0.00681334062143114,0.005300786983256844,-0.0007917656373713777,0.8072030215922618,0.9260448938179223,0.7785337163755486
20221012,0.019454146615657624,0.026295586897581,0.016376122556787998,0.8229064675229195,0.9503957877943726,0.7912830799295062
20221013,0.010270428103193896,0.009088108842951966,-0.00857588357588357,0.831358069233267,0.9590330881577309,0.7844971283604641
20221014,0.013554704596328107,0.019143178006359278,0.023066841415465333,0.8426268822754976,0.9773920292783229,0.8025929992112429
20221017,0.008808148537281383,0.014976596203231201,-0.000256213169356867,0.8500488650160865,0.992030035033081,0.8023873643152114
20221018,0.0043742219841801985,0.0016774240599028217,-0.0017939518195796422,0.8537671674490673,0.9936940900819917,0.8009479200429904
20221019,-0.026733449344484177,-0.00923223688512229,-0.015147625160462197,0.830943026126084,0.9845200708510087,0.7888154611771273
20221020,0.0009503644733754362,-0.0034116426731280345,-0.0031282586027111536,0.8317327248575133,0.9811612401647424,0.7863478424247484
20221021,-0.016677080851828084,-0.0031669758952433905,-0.005753138075313857,0.8178618509579533,0.9780539261677935,0.7818238747120537
20221024,-0.016125702770290504,-0.01661090908570539,-0.025775907417148858,0.8046732538422458,0.9618075613193031,0.7616716549009592
20221025,0.003371615191637262,-0.0035902479616896532,-0.004319654427645814,0.8073863024092044,0.9583544336827389,0.758381496564454
20221026,0.009837127382690877,0.018362682294416406,0.007592190889370798,0.8153286643130435,0.9759523916739005,0.764139273653338
20221027,-0.0022978541448536874,-8.69725893012354e-05,-0.006996770721205636,0.8134551579623337,0.9758675105673619,0.7587927663565169
20221028,-0.041357598590260614,-0.04018009362556818,-0.023306233062330484,0.7798126060681505,0.9366570626266151,0.7411081652978014
20221031,0.02237847948454734,0.010458804322870144,-0.010821309655938083,0.7972636264748381,0.9464533755622612,0.7330884043525698
20221101,0.036615551126962353,0.027844689656811042,0.03870967741935494,0.8264558735516949,0.9728070760794335,0.7614660200049275
20221102,0.02794149076702451,0.014866338823764935,0.009181744531461034,0.8495482827118929,0.9872691556825863,0.7684576064700012
20221103,0.008239419053560201,0.00416293598375383,-0.008027829810008158,0.8565480670193886,0.9913790939764276,0.7622885595890537
20221104,0.03119281322648939,0.01804504154580886,0.03425950903695729,0.8832662108934348,1.0092685709148788,0.7884041913850641
20221107,0.015501371328875212,0.013201595510244607,0.0,0.8969580484107426,1.0225925263492996,0.7884041913850641
20221108,0.007649460852097681,-0.0023396221450428683,-0.005998956703182179,0.9038192938880344,1.0202000462292975,0.7836745887763378
20221109,0.012077452633949822,0.0005436194635206408,-0.010495932826029897,0.914735128599617,1.0207546468311124,0.7754491929350747
20221110,0.005231104807170636,-0.002771794506788663,-0.005568814638027053,0.9195202039281224,1.017925324708247,0.7711308601184116
20221111,0.01731293805125169,0.007940049884557676,0.026133333333333342,0.9354398002556044,1.026007702565185,0.7912830799295061
20221114,0.0001462184088911341,0.002160277815527119,0.000519750519750728,0.9355765787748113,1.0282241642435965,0.7916943497215694
20221115,0.011578036391298367,0.016750679962815904,0.01948051948051943,0.9464087184507124,1.0454476181488748,0.8071169669239375
20221116,0.002559574641839232,-0.0008969580147139207,-0.00738853503184711,0.9488311222072744,1.0445098955288126,0.8011535549390219
20221117,0.0038723827082702634,0.0038090508754972,-0.004363449691991761,0.9525053594379785,1.048488486860842,0.7976577617064851
20221118,-0.005664262097080344,-0.006428620332189787,-0.0033513792214487914,0.9471101194332481,1.0417481524561414,0.7949845080580746
20221121,0.0017853110763196085,0.001887167908145881,-0.008535954474909513,0.9488010056199666,1.0437141061378268,0.7881985564890326
20221122,-0.00819096659040931,-0.01019602359989608,-0.0005217845030003332,0.9410294082819867,1.033072372480101,0.7877872866969694
20221123,-0.024535036057628773,-0.011130108461388028,0.000783085356304003,0.9179412178184991,1.021574164925934,0.7884041913850642
20221124,0.00014994300569578828,0.006621302608500957,-0.0046948356807513525,0.9180788566837508,1.0283383166089353,0.7847027632564957
20221125,-0.014799178065515823,-0.005832073433034685,0.005503144654088077,0.9044920442055028,1.0223409720324688,0.7890210960731588
20221128,-0.003626549076212939,-0.0032690997612646417,-0.011727912431587106,0.9012118594181473,1.0189988374048664,0.7797675257517379
20221129,0.032256233515046515,0.018736328082720573,0.030590717299578074,0.9302815596020683,1.038091133938395,0.8036211736914007
20221130,0.005740502232662023,-0.0012215662616297147,0.0007676560900717888,0.9356218429719682,1.0368230368326787,0.8042380783794956
20221201,0.028318258800298014,0.009467579034848279,0.01150600869342866,0.9621170244604601,1.0466392408790435,0.8134916487009164
20221202,0.007107500717397449,0.0066874392458818105,-0.005813953488372103,0.9689552719020332,1.0536385772147778,0.8087620460921902
20221205,0.005114824053060779,0.007297703005500621,0.01805237732011178,0.9739113076330977,1.0613277186264294,0.823362123710432
20221206,0.001895463735516774,-0.004061134799431807,0.005744255744255966,0.975757321198326,1.057017523694714,0.8280917263191585
20221207,0.015607410766497277,0.00506483800515895,-0.002979885771045576,0.9909863665186852,1.062371146220842,0.8256241075667795
20221208,-0.010319644263696744,-0.0014569081049730793,0.0022415940224160824,0.980759739746039,1.0608233690874234,0.8274748216310638
20221209,0.0035888205330721814,-0.004944188065938753,0.008449304174950267,0.9842795104380501,1.0555784588459123,0.8344664080961374
20221212,-0.0060717951400652915,-0.0026315740616184137,-0.010349926071956506,0.9783031668901064,1.0528006259536102,0.8258297424628113
20221213,0.028551306848943206,0.004937213768647364,-0.0027390438247012483,1.0062350007992786,1.057998527699709,0.8235677586064639
20221214,0.027632771770286103,-0.002263191799528042,0.0024968789013730674,1.0340400629236386,1.0556040741079062,0.8256241075667795
20221215,-0.014372555407251656,0.0013244365500347278,-0.0004981320049812776,1.0191782648259506,1.0570021547260202,0.8252128377747164
20221216,-0.0035073631407028304,-0.008861967624534405,0.000996760528283236,1.0156036365460945,1.0476350358517752,0.8260353773588429
20221219,-0.00837633029511771,-0.02431718967454513,-0.0144386357978592,1.0070966050374617,1.0221594959752687,0.8141085533890114
20221220,-0.0060557514703384226,-0.004704831679487399,-0.01591310937105339,1.0009978782907332,1.0173504075971154,0.8011535549390221
20221221,0.004314481795321144,-0.005184671412952188,-0.0007700205338809774,1.0053166654137735,1.0120757800218914,0.8005366502509272
20221222,0.004108805547042112,-0.011962631097245716,0.002054970459799854,1.0094473161051596,0.9999686908230323,0.80218172941918
20221223,-0.019621002570321452,-0.007105638511353137,-0.0025634452704434985,0.9896409477212562,0.9928632747833728,0.8001253804588642
20221226,0.00022390895041769342,0.011807681754882251,0.0023130300693909867,0.9898625371871509,1.004586688358125,0.8019760945231484
20221227,-0.0008304779489221235,0.004484646069147729,0.01205128205128192,0.9890404781775529,1.0090919041011883,0.8116409346366324
20221228,-0.010510623023778951,-0.013075000392869596,-0.003293640739802317,0.9786450465561706,0.9958980270586237,0.808967680988222
20221229,-0.010560489928588903,-0.009110675379719806,-0.0030503304524656105,0.9683100753983507,0.9868247234227893,0.8065000622358431
20221230,0.0038432878982499175,0.005553604490441091,0.004079551249362545,0.9720315697928826,0.9923051576380685,0.8097902205723484
20230103,0.004974745562126829,0.021669741512096607,0.0027932960893852776,0.9768671795309568,1.0138081539052057,0.8120522044286955
20230104,0.014052865078970281,0.005894346260408228,0.0012661433274248068,0.9905949622049794,1.0197838902059482,0.8130803789088535
20230105,-0.003600272496918532,0.005858678781770096,0.01896813353565996,0.9870285504069668,1.0257584764454886,0.8285029961112217
20230106,-0.008507202014660445,-0.0014314615939264273,0.0039712087366592375,0.9786316991344173,1.0242901425818125,0.831793154447727
20230109,0.0009107449837605971,0.008199443359529943,0.006180469715698411,0.9795229830453531,1.032688751589637,0.8369340268485164
20230110,-0.0021799469236164696,-0.003148614002077584,0.0014742014742012977,0.9773876749318517,1.0294372133265939,0.8381678362247057
20230111,-0.013912065558623303,-0.0066044417218913045,0.0,0.9637901935220093,1.0226383552448322,0.8381678362247057
20230112,-0.009156887501695035,-0.0003314783687836996,0.0014720314033367377,0.9549648751446914,1.02229937275098,0.8394016456008953
20230113,0.018335794946940737,0.006638510305436797,0.015188633023027975,0.9724749152768754,1.029085917672229,0.8521510091548531
20230116,-0.003590343995708688,0.00935201861579817,0.031402844164637234,0.9689833958038337,1.0387099483315554,0.8789109745000813
20230117,-0.0033714774756325606,-0.002689853389556783,-0.0009654839488292266,0.9657164901106191,1.0359159708562695,0.8780624000617516
20230118,0.002835336927942366,0.00428691131525182,-0.0021744382701136544,0.9684546217369526,1.0403568507533831,0.8761531075755095
20230119,-0.0006486659274657486,0.0036464026027832916,0.006779661016949268,0.9678264182215351,1.0441504106817938,0.8820931286438181
20230120,0.0029341597189601306,0.006987097605732958,0.005531505531505498,0.9706661755128262,1.0514459915162937,0.8869724316642144
20230130,0.017222964404539902,0.012792272003678395,0.005740253527864114,0.9873839245023744,1.0648963746369475,0.8920638782941931
20230131,0.0043200703543409,0.005955094498899374,-0.010939357907253311,0.99164949252297,1.071237933179446,0.8823052722534005
20230201,0.015412045912295915,0.014452762348236125,0.007453714835297109,1.006932840030639,1.0867202804461042,0.8888817241504565
20230202,0.010457485339070921,0.004813059175098887,-0.0023866348448688957,1.0174628254426883,1.0919507294626714,0.8867602880546319
20230203,-0.0025047307133013734,-0.0025211160693239362,-0.0102870813397129,1.0149143550541595,1.089197794931713,0.8776381128425866
20230206,-0.003772078906080415,-0.0001529321385019954,-0.013778100072516342,1.0110860180239816,1.0890312215836826,0.8655459270963871
20230207,0.008098503920713722,0.006173241543766177,0.002450980392156854,1.0192743021051276,1.0957540743632213,0.8676673631922116
20230208,-0.0016257338130704572,-0.0015529845579451192,-0.004156479217603759,1.0176172334074016,1.0940523852064297,0.8640609218293102
20230209,0.010067582024111673,0.01430568751315267,0.013258040756199296,1.0278621783738802,1.1097035567522122,0.8755166767467623
20230210,-0.002171901845568521,-0.0007696579289145581,-0.005815362248606792,1.02562976261168,1.1088494646110132,0.8704252301167834
20230213,0.012369323049572865,0.011194035207154913,0.007799171338045419,1.0383161084746806,1.1212619645573036,0.8772138256234218
20230214,0.004934339188161673,0.0029378873453833614,0.002176541717049618,1.0434395123384268,1.1245561058938363,0.8791231181096638
20230215,-0.0025996296186781417,-0.0004876570219698998,-0.00675675675675691,1.0407269560768528,1.124007708212198,0.8731830970413551
20230216,-0.020311084522659274,-0.02201774576777976,-0.0070456754130222565,1.019588662906966,1.0992595922517572,0.8670309323634642
20230217,0.0008874784688721099,-0.001423314457014619,-0.014191338390017072,1.020493525892402,1.0976950001820933,0.8547266030076822
20230220,0.006836997116605762,0.012378027865717142,0.026061057334326065,1.0274706371864433,1.1112822994824056,0.8770016820138392
20230221,0.008207923104149892,0.0036276779922803284,0.0012094823415578215,1.0359040371682415,1.1153136738234486,0.8780624000617515
20230222,0.01839028982611975,0.0009640903569991713,-0.009664170089393576,1.054954612643813,1.116388936981411,0.8695766556784535
20230223,-0.007030791764307855,-1.9040844860496403e-05,0.0,1.0475374464415181,1.1163676799928581,0.8695766556784535
20230224,-0.0005784616754718897,-0.0029735375245632575,-0.009514515735545293,1.04693148617513,1.1130481188051897,0.861303054904738
20230227,-0.0033864148583697077,-0.00754406563466987,-0.003694581280788145,1.0433861418346515,1.1046512107423776,0.8581209007610013
20230228,0.008639343373434527,0.011093441930005504,0.006427688504326179,1.0524003129850443,1.1169055948016584,0.8636366346101448
20230301,0.001915794726173617,0.006945900434441727,0.012036354704004104,1.0544164959544846,1.1246635098578215,0.874031671479685
20230302,0.0035399622802473225,-0.003510629789660339,-0.0012135922330096527,1.058149090577834,1.1207152326367706,0.8729709534317728
20230303,0.0016668062052336598,-0.0012867822074449958,0.0021871202916159405,1.0599128200480714,1.119273116215801,0.8748802459180147
20230306,-0.0009613915396093908,-0.001952251672824613,-0.00606207565470418,1.0588938288301537,1.117088013402321,0.8695766556784535
20230307,-0.02296734748538375,-0.019048585622826412,-0.01390583069041229,1.0345738463132832,1.0958090667307938,0.857484469932254
20230308,-0.0009278609544766926,0.007987986099246724,-0.003958436417615174,1.0336139056367664,1.1045623743232678,0.8540901721789348
20230309,-0.009336816420455939,-0.0008916252362163681,-0.0024838549428712886,1.0239632423502054,1.103577518635346,0.8519687360831103
20230310,-0.01998292913385569,-0.014748437914992765,-0.013695219123505908,1.0035014574426482,1.0873014741173708,0.8403008375560758
20230313,0.0060891386601906435,0.0010126019463203813,0.011108305983337674,1.0096119169627198,1.088402477706299,0.8496351563777036
20230314,-0.021354182356055622,-0.013631642663565344,-0.006242197253433224,0.988052479979051,1.0735657640560676,0.8443315661381424
20230315,0.010316741250988875,0.010168748148450039,-0.0002512562814069863,0.9982459617573927,1.0844825839315522,0.84411942252856
20230316,-0.00838658001909938,-0.014339780901594686,-0.011560693641618602,0.9898740921203715,1.0689313412863783,0.8343608164877673
20230317,0.0037393427740737488,0.007575899225592848,0.005339435545385296,0.9935755706539846,1.0770294574070416,0.8388158322889988
20230320,-0.013317544835221207,-0.002716016621869592,-0.005563985837127028,0.9803435834446197,1.074104227498481,0.834148672878185
20230321,0.020881796685586256,0.015262487225570838,0.010935910478128141,1.0008149188361293,1.090497729549608,0.8432708480902302
20230322,0.008764324279303919,0.005331633442420014,0.004528301886792319,1.0095863853283742,1.096311863713358,0.8470894330627142
20230323,-0.0012859263989801347,0.00011396825409160322,0.009516654144753334,1.0082881315434296,1.0964368084624052,0.8551508902268472
20230324,-0.015823440369990453,-0.00021902452713141096,-0.0012403870007442475,0.992333544418183,1.0961966619089023,0.8540901721789349
20230327,-0.008341140434709996,-0.002782699508352889,-0.005216095380029762,0.9840563509661174,1.0931462759967503,0.8496351563777035
20230328,-0.005857750759753457,-0.006553079994340863,-0.001997503121098587,0.9782919941286055,1.0859828010046277,0.847938007501044
20230329,-0.013043426217589603,-0.002988575112262309,0.0,0.9655317146839304,1.0827372598332003,0.847938007501044
20230330,-0.00659847169198823,-0.002924060118074318,0.01075806855141348,0.9591606809968716,1.079571270993369,0.8570601827130891
20230331,0.006769365403333122,0.003876195293324961,0.0024752475247524774,0.9656535901270493,1.0837559000728023,0.8591816188089136
20230403,0.00788508510561925,0.008749899365314263,0.007407407407407307,0.973267850867748,1.093238655135005,0.865545927096387
20230404,-0.0160764151992559,-0.011041026701108694,0.004901960784313708,0.9576211927971107,1.0811681779529754,0.869788799288036
20230406,-0.007732082589434447,-0.0042812378992339055,-0.0029268292682925745,0.9502167866450106,1.0765394397740773,0.8672430759730467
20230407,0.004458634586218585,0.00919131059420336,0.007093933463796276,0.9544534560743515,1.0864342481319507,0.8733952406509375
20230410,-0.018838800336785998,-0.01420668245344989,-0.0036434296818069756,0.9364726979846115,1.0709996217621873,0.870213086507201
20230411,-0.0029883537059047886,0.0020818451714775875,-0.0024378352023405325,0.9336741863271105,1.0732292771534073,0.8680916504113763
20230412,0.0010738732047050484,0.006063060890637042,-0.0009775171065492527,0.934676834017732,1.079736331610403,0.8672430759730466
20230413,-0.00801307138589801,-0.006164833670857147,-0.0061154598825833295,0.9271872018240028,1.0730799367176433,0.8619394857334853
20230414,-0.0014077343949530994,0.002191480011163927,0.005168594634506363,0.9258819685094348,1.075431569949341,0.8663945015347166
20230417,0.0041823674750592595,0.0008565770488483134,0.014936336924583848,0.9297543471402725,1.0763527599497664,0.879335261719246
20230418,0.002452791815011619,-0.0034087808683796084,0.001688781664656247,0.9320348409929097,1.072683709254022,0.8808202669863232
20230419,-0.009663320822512795,-0.006514153234852394,-0.007947976878612706,0.9230282893066355,1.0656960831994116,0.8738195278701024
20230420,-0.005478010527283513,-0.00535179855844812,-0.0038844379703812937,0.9179719306208333,1.059992692437601,0.8704252301167832
20230421,-0.012008483849933733,-0.02395258833090013,-0.017791859614915806,0.9069484795172805,1.034603123841881,0.8549387466172645
20230424,0.004032397563563854,-0.0006862381343179713,-0.012655086848635144,0.9106056563563639,1.033893139724416,0.8441194225285598
20230425,0.008594654464222523,-0.016383783533963338,-0.004775069112842534,0.9184319973259135,1.0169540583259216,0.8400886939464931
20230426,0.02685858737038245,0.012577912876892222,-0.002272727272727315,0.9430997833698463,1.0297452178713469,0.838179401460251
20230427,-0.004140511844512675,0.002774071075530289,0.008858516831182106,0.9391948675462461,1.0326018042954093,0.8456044277956368
20230428,0.007049026255833055,0.019058668254879257,0.00978424485699958,0.9458152768269233,1.0522818195228651,0.8538780285693524
20230504,0.019119189979292142,0.004510137646635111,0.0,0.9638984987898941,1.057027755371965,0.8538780285693524
20230505,-0.013435176529340707,-0.008314975244056371,-0.003975155279503206,0.9509483523022854,1.0482385957537665,0.8504837308160331
20230508,-0.0007260332232147091,0.0043500322590147526,0.01122474432526821,0.9502579322049526,1.0527984674604396,0.8600301932472433
20230509,-0.020187098617851153,-0.015065977856258992,-0.008633448445979242,0.9310749816151359,1.0369370290625772,0.8526051669118576
20230510,0.004663571047596798,0.006922644750207705,-0.007713361532719731,0.9354171159425381,1.0441153757431134,0.8460287150148016
20230511,0.010357841003627698,0.007878765927184199,-0.0012537612838515733,0.9451060177015429,1.0523417163895674,0.8449679969668893
20230512,0.0033174581350275956,-0.004258489386330368,-0.012804418779814086,0.9482413673484306,1.0478603303595297,0.8341486728781846
20230515,0.005209802229765738,0.008621459771150052,0.016022380467955122,0.9531815173383985,1.0568944160435083,0.8475137202818788
20230516,-0.011733989879743813,-0.006810311566264099,-0.004255319148936176,0.9419968950603909,1.0496966357776072,0.8439072789189771
20230517,0.00719832540123438,0.011342387139636227,-0.006787330316742057,0.948777695237988,1.0616027013997706,0.838179401460251
20230518,-0.00923046232576788,0.0013827468425545379,-0.00025310048089088877,0.9400200384665649,1.0630706291831784,0.8379672578506686
20230519,0.005792579422266419,-0.0003232235251015152,-0.0015189873417722488,0.9454651791979044,1.062727019746982,0.8366943961931739
20230522,0.015737734145073422,0.0030744035646766794,0.005070993914807254,0.9603446588315453,1.0659942714847703,0.8409372683848227
20230523,0.00471596130647689,-0.007771551781094689,-0.014379414732593188,0.9648736070834766,1.0577098418055761,0.8288450826386233
20230524,0.006947162616117567,-0.00029779362357054364,-0.013565395444074868,0.9715767409358853,1.0573948625590988,0.8176014713307534
20230525,-0.019925730993167082,-0.0005481554492512218,-0.00233523611831854,0.9522173641567788,1.0568152458031768,0.8156921788445115
20230526,-0.0043915468246251005,0.0023136254695716955,0.0013003901170351995,0.9480356570148633,1.0592603204724986,0.8167528968924238
20230529,-0.0014268162643590618,-0.003783440512938447,-0.004155844155844246,0.9466829843202421,1.0552526720622748,0.8133585991391046
20230530,0.004116861443850393,0.006612347976972126,0.0010432968179447943,0.9505803469979395,1.0622303699335802,0.8142071735774344
20230531,-0.007659659628324489,-0.0034893709356681925,-0.009379885356956885,0.9432992250905606,1.05852385415375,0.8065700036324662
20230601,0.021758452611728426,0.004845468853553884,0.002104155707522537,0.9638239565783738,1.063652898519796,0.808267152509126
20230602,0.006002596154710943,0.009040574366888461,0.013910761154855678,0.9696094025539496,1.0732689316494206,0.8195107638169957
20230605,0.0029624256463116503,0.004669680398580778,-0.004659590991457407,0.9724817983149803,1.0782807545419497,0.8156921788445116
20230606,-0.013423509177946274,-0.01842136970566771,-0.009622886866060054,0.9594276799699134,1.0584173461160262,0.8078428652899609
20230607,0.0057380151110885316,0.0026268532530020388,-0.0031512605042015585,0.9649328904955775,1.061197653164705,0.8052971419749716
20230608,-0.004224444910687308,-0.0021940822999138208,0.008429926238145313,0.9608565846571687,1.0588692981771861,0.8120857374816098
20230609,-0.0038246135897898963,0.002618581861684168,0.004179728317659448,0.9571816795056498,1.0616420341152872,0.8154800352349291
20230612,0.016552168829860357,0.011858390042621483,0.0010405827263268996,0.9730251122656767,1.0742313994414683,0.8163286096732589
20230613,0.0013896419907454566,0.004140365704585203,0.007536382536382336,0.974377268819731,1.0786791102865043,0.8224807743511497
20230614,0.007123201884133199,0.002064174082186065,0.0,0.9813179548168443,1.0809056917489532,0.8224807743511497
20230615,0.005319726899360928,0.0031604554647816745,0.016765540366262766,0.9865382983379093,1.0843218460493549,0.836270108974009
20230616,-0.0008593017989316878,0.005209908448814556,0.00938609842719429,0.9856905642034325,1.0899710635963218,0.8441194225285595
20230619,-0.0009574021160014736,-0.0020209089248498712,-0.007539582809751311,0.9847468619715414,1.087768331346072,0.837755114241086
20230620,0.0012100586946362072,-0.007377944278156163,-0.001772600658394352,0.9859384634738857,1.0797428372098576,0.836270108974009
20230621,-0.004272137102314141,-0.012077168459368334,-0.013952308472856556,0.9817263991834804,1.066702601072078,0.8246022104469742
20230626,-0.0195864916056913,-0.014400883180418978,-0.01131978389503463,0.9624978233067877,1.0513411415257898,0.8152678916253466
20230627,0.02755422433999801,0.02361269111188091,0.006765547749154166,0.9890187042569426,1.0761661351538505,0.8207836254744901
20230628,0.006909530841760674,-0.0013697004182431128,0.002067717756526255,0.9958523594970841,1.0746921099484312,0.8224807743511497
20230629,-0.0007456878296407555,0.010686161281010497,-0.004642765024503448,0.995109764512488,1.0861764431627696,0.8186621893786658
20230630,0.006722533384139599,0.014427574267108334,0.005960093288416735,1.0017994231253065,1.101847334463684,0.823541492399062
20230703,0.010482375045457097,0.003019526775777752,0.011591962905718622,1.0123006603988285,1.1051743919929167,0.8330879548302721
20230704,0.0015428122600776258,0.004112702045609536,0.0017825311942958333,1.0138624502685765,1.1097196449756213,0.8345729600973492
20230705,-0.012133183385059644,-0.0042221632184750064,-0.00686324351804779,1.0015610712322418,1.105034227507786,0.8288450826386231
20230706,-0.0021085429871492726,-0.0007163682412594358,-0.00716662400819057,0.9994492366592934,1.1042426160816947,0.8229050615703145
20230707,0.007775626028547764,-0.006933302490852741,-0.002835782418148969,1.0072205801580736,1.0965865680011098,0.8205714818649076
20230710,-0.0017171950819615635,-0.0005595130846084908,0.004136504653567741,1.0054909859313756,1.0959730134679073,0.8239657796182267
20230711,0.004318660849931266,0.008379454456469392,0.006694129763130885,1.0098333604872762,1.1051566694197812,0.8294815134673704
20230712,-0.011000285069172288,-0.012144337939412646,-0.004859335038363222,0.998724905649556,1.0917352733503516,0.8254507848853039
20230713,0.004349791212421083,0.0073756482396100005,0.016191210485736462,1.0030691504677764,1.0997875286973582,0.8388158322889983
20230714,-0.0053550417362516565,0.0007141414148860857,-0.0005058168942843055,0.997697673302675,1.1005729325191762,0.8383915450698334
20230717,0.006352235275950079,-0.0022953058774597902,-0.00708502024291513,1.0040352836577615,1.0980467809985919,0.8324515240015247
20230718,0.014265013144568971,0.003948826868024102,-0.001529051987767538,1.0183578601767505,1.1023827776297466,0.83117866234403
20230719,0.008674894884812434,0.0011216775055386751,-0.0005104645227157478,1.0271920075689065,1.103619295593907,0.830754375124865
20230720,-0.005785122837406358,-0.007330884469498177,-0.007150153217568844,1.0212495756275184,1.0955287900395991,0.8248143540565566
20230721,0.008448942307619582,-0.001352016893721727,0.0005144032921811093,1.0298780543736763,1.094047616607907,0.8252386412757214
20230724,0.005223481647307338,-0.0018372663615626038,-0.004370179948586128,1.035257603489662,1.0920375597239655,0.8216321999128198
20230725,0.003106408301532839,0.01599902376421706,0.028918151303898743,1.0384735363033673,1.109509094593407,0.8453922841860538
20230726,0.012316222685953147,-0.0017410085389648789,-0.0022584692597240608,1.0512636076299489,1.1075774297856606,0.8434829916998117
20230727,-0.0015296115392102534,-0.003752909332522766,-0.001006036217303663,1.0496555826849663,1.1034207921129264,0.842634417261482
20230728,0.02266355746259403,0.010061036480695989,0.02416918429003001,1.0734445122990797,1.114522348955933,0.8630002037813969
20230731,0.026432423704404438,0.010883058118496488,0.003933136676499416,1.1018182524713367,1.1266517604539836,0.866394501534716
20230801,-0.01749657337877441,-0.006814414722045154,-0.004407443682663992,1.082540208566899,1.118974288110928,0.862575916562232
20230802,-0.0066691383179137845,-0.0022490522374771843,-0.007132316773241443,1.075320598181263,1.1164576564845725,0.8564237518843411
20230803,0.0033592652220244146,-0.0029041996929915917,0.008917513004706557,1.07893288526926,1.113215240501372,0.8640609218293093
20230804,-0.007140522008028142,-0.0048565945829961415,0.005155904738521899,1.0712287412568093,1.1078088053946442,0.8685159376305406
20230807,-0.011501808943716562,-0.005059967503667563,-0.007572056668295191,1.0589076729398554,1.1022033288390705,0.8619394857334846
20230808,-0.018491051890202486,-0.0009866741984774982,-0.0036918533103618145,1.039327356212591,1.101115813253029,0.8587573315897479
20230809,-0.01308840752693015,-0.008970029184870346,-0.0019762845849802257,1.0257242162205937,1.091238772272227,0.8570601827130883
20230810,0.001689486369687414,0.0025702326492833046,0.0012376237623761277,1.0274571633029568,1.094043509792885,0.8581209007610004
20230811,-0.020473740498490673,-0.01701571927828985,-0.023485784919653807,1.0064212719681767,1.0754275725520142,0.8379672578506681
20230814,-0.009130769811386052,0.004653492690231151,-0.0068354430379746756,0.9972318710005529,1.0804320668997578,0.832239380391942
20230815,-0.0035254686924122767,-0.006491933123173274,-0.0010196278358399757,0.9937161612602646,1.0734179741773127,0.8313908059536121
20230816,-0.004452782247817522,-0.006969461722434581,-0.007655014034192331,0.9892913595780355,1.0659368286941107,0.8250264976661388
20230817,0.007969984926847902,0.014923345719765451,0.003342761635382052,0.9971759968021334,1.0818441725041432,0.8277843645907108
20230818,-0.02821878433402838,-0.013403499262641689,-0.012813941568426634,0.9690369024053043,1.0673436749356906,0.8171771841115882
20230821,-0.0030190016146308873,-0.0030331406019858845,-0.01349948078920038,0.9661113784323058,1.0641062714989704,0.806145716413301
20230822,-0.0057746195516836085,0.0015192876561525945,0.0060526315789475316,0.9605324527773066,1.0657229550220932,0.8110250194336974
20230823,-0.023637224858752838,-0.015879126952409416,-0.01438660737640618,0.93782813120688,1.0488002049232006,0.7993571209066627
20230824,-0.0015165226234001958,-0.0029031065108884656,0.006104033970276257,0.9364058936290437,1.0457554262196669,0.8042364239270592
20230825,-0.0206613604144044,-0.01652331569450257,-0.001846478501714599,0.9170584739666017,1.028476079173,0.802751418659982
20230828,0.0075607779719685944,0.011373932147961886,0.014006342494714774,0.9239921494755755,1.0401738963133156,0.8139950299678519
20230829,0.035281271803920114,0.0333318831106946,0.005733646077664689,0.9565917676459117,1.0748448510400268,0.8186621893786656
20230830,0.010946636998286756,0.007714259378138114,-0.00025913449080061657,0.9670632304818809,1.0831364830122057,0.8184500457690833
20230831,-0.011954099736070232,-0.007021545291145518,-0.004924831518921757,0.9555028601736143,1.0755311911402434,0.8144193171870168
20230901,0.018660548137189537,0.003446250286837547,0.005991143526960396,0.9733330672911064,1.0792377408162133,0.8192986202074133
20230904,0.016254423120314655,0.018191709516234535,0.01501812532366631,0.9891540348038496,1.098870920296099,0.8316029495631951
20230905,-0.0173555959105279,-0.007777256366017738,-0.006887755102040871,0.9719866770825256,1.0903247194357943,0.825875072104469
20230906,-0.0023299623618903646,0.004031983475393195,-0.0025687130747495956,0.9697219847086646,1.0947208906873722,0.8237536360086445
20230907,-0.016053987077568613,-0.01629471268399664,-0.01364924027813541,0.9541540804973174,1.0768827283044526,0.8125100247007748
20230908,0.0027518004405203598,0.00038712826757747367,-0.005483028720626781,0.9567797221163541,1.0772996200494451,0.8080550088995433
20230911,0.007890260794941232,0.007827610182011282,0.007351010763980259,0.9643289636471635,1.0857323015244211,0.813995029967852
20230912,-0.0032757473321754645,0.00030895031412385096,-0.0013031013812876413,0.9611700656171567,1.0860677388600315,0.8129343119199396
20230913,-0.007878054372965465,-0.010193819327539714,-0.006524008350730637,0.9535979155785579,1.0749965605526228,0.8076307216803784
20230914,-0.0049805381870432295,-0.008329438926180186,-0.0007880220646178104,0.948848484744934,1.066042442355646,0.8069942908516311
20230915,-0.004876300187216662,0.0019922020643502957,-0.0044689800210305775,0.9442216147011321,1.0681662143099921,0.8033878494887294
20230918,0.014310623749669817,0.010832806928765652,0.003432796408766814,0.9577340149654257,1.0797374526774428,0.8061457164133012
20230919,-0.017555781302529713,-0.009906183435480196,-0.001315789473684159,0.940920246052699,1.069041375409062,0.805084998365389
20230920,-0.008062099299668309,-0.00823116566730809,-0.004743083003952542,0.9333344535959538,1.060241918742863,0.801266413392905
20230921,-0.013181229816869191,-0.009691998282221092,-0.009266613714588257,0.9210319576671034,1.0499660558876684,0.7938413870575194
20230922,0.02273847404865866,0.016606539882615907,0.020042757883484752,0.9419748189345022,1.0674023590701598,0.8097521577762029
20230925,-0.011624400084335627,-0.0065665476719033,-0.0073356038773905174,0.931024926769838,1.0603932105942235,0.8038121367078944
20230926,-0.006314840679069834,-0.004746927641231556,-0.005542359461599422,0.9251456526890437,1.0553596007522796,0.799357120906663
20230927,0.006005095141954011,0.004137597002700512,0.002653927813163648,0.9307012403536065,1.0597262534731233,0.8014785570024876
20230928,0.015055474435857237,0.014140523994257066,-0.0037056643726840477,0.9447133890851709,1.0747113379877042,0.7985085464683332
20231009,-0.013090466529476237,-0.003553447470625625,-0.002656748140276277,0.9323466500854034,1.0708924077020792,0.7963871103725088
20231010,-0.004145703925439741,-0.0046941333857380835,-0.007192328183271202,0.9284814169182737,1.0658654958985514,0.7906592329137826
20231011,0.008768332015840062,0.002922766283008504,0.002146498524282281,0.9366226502523507,1.0689807716321857,0.7923563817904422
20231012,0.0025421262234492626,0.010186845564761585,0.009638554216867545,0.9390036632530337,1.0798703136645025,0.7999935517354104
20231013,-0.014471793222226925,-0.0038914447639043456,-0.009281357730045015,0.9254145964035223,1.075668057986697,0.7925685254000248
20231016,0.0013453143503404756,0.0021084828019685437,-0.011509635974304211,0.9266595699400786,1.077936085587589,0.7834463501879794
20231017,-0.0013583027202482224,0.00042932103531387257,0.0032493907392363575,0.925400885725485,1.0783988662238557,0.7859920735029687
20231018,-0.0106852779220257,-0.014699096389399577,-0.0075573549257759165,0.9155127200722194,1.062547377343012,0.7800520524346602
20231019,-0.01568818686684471,-0.008936959725657674,-0.02094098449823223,0.9011499854407531,1.0530514342250945,0.7637169944968117
20231020,-0.007875334194385696,0.0036923786405155183,-0.0050000000000001155,0.8940531281461414,1.0569396988481914,0.7598984095243276
20231023,-0.024278219756947248,-0.014295433722288555,-0.010608598548296988,0.8723471098266232,1.0418302874348515,0.7518369523601947
20231024,0.02772218583067446,0.029183208758143883,0.0014108352144468483,0.8965304785140886,1.0722342382036198,0.7528976704081068
20231025,0.015644025850462106,0.01911609738505747,0.005635390250774863,0.9105558244956903,1.0927311723207132,0.7571405425997558
20231026,0.012007673640048086,0.007069259442879023,0.0036424768842813204,0.9214894816672794,1.1004559724791696,0.7598984095243276
20231027,0.025539184028603903,0.01783439119372438,0.015075376884422065,0.9450235711200029,1.1200819347838336,0.7713541644417797
20231030,-0.009779394595660726,0.01117268961985942,0.004400440044004528,0.93578181271582,1.132596262589985,0.774748462195099
20231031,-0.0007528773889457648,0.00047083515904166847,-0.0021905805038334725,0.9350772837480394,1.1331295287314116,0.7730513133184395
20231101,0.007049762383942242,-0.00518011906153508,-0.0005488474204171645,0.9416693564090853,1.1272597828604418,0.7726270260992746
20231102,-0.00890625309011414,0.0018255441843477807,-0.004667764964305321,0.9332826107937011,1.1293176454012919,0.769020584736373
20231103,0.009362867699891355,0.01051565915266974,0.007724137931034436,0.9420208124051718,1.1411931648354274,0.7749606058046815
20231106,0.01007065348292828,0.029460249394633247,0.013139885026006048,0.9515075775806108,1.1748130000789299,0.785143499064639
20231107,0.0033672258265168187,0.021179864465767438,-0.0029721696838693745,0.9547115184699666,1.1996953801932233,0.7828099193592319
20231108,0.0038598361248342243,0.0026032903730604396,-0.0029810298102982413,0.9583965484777524,1.2028185356270853,0.7804763396538249
20231109,-0.005908699013098278,-0.026468128089422935,0.0008154389779833071,0.952733671737605,1.1709821805577756,0.7811127704825723
20231110,0.013980507642560473,-0.006129638148403151,-0.007332971211298278,0.9660533721166574,1.1638044835127284,0.7753848930238462
20231113,0.022181943744573062,0.005094885599019242,-0.001367989056087593,0.9874823136712043,1.1697339342158513,0.7743241749759339
20231114,0.02321486334204629,0.005593558926925268,0.0,1.0104065806357692,1.1762769099057118,0.7743241749759339
20231115,0.014401890561504902,0.0070370116832918165,0.006849315068493178,1.0249583456327098,1.1845543842635047,0.779627765215495
20231116,-0.0017517044731533045,-0.004399053532186463,-0.009795918367347056,1.0231629215138691,1.1793434661153432,0.7719905952705268
20231117,0.018843153055513845,0.007200741825095473,-0.0013740038472107585,1.0424425370446815,1.1878356139379531,0.7709298772226146
20231120,0.022148372548708384,0.011286673979634492,0.0030269675288938647,1.0655309427157678,1.2012423272538697,0.7732634569280217
20231121,0.0020287778078440215,0.0053475681158506125,0.00137174211248281,1.0676926682459207,1.2076660524225027,0.7743241749759339
20231122,-0.011465950873167688,-0.012632611130215965,-0.010684931506849127,1.0554505565641716,1.1924100768070862,0.7660505742022186
20231123,0.013447567450649506,0.009151254803955431,0.005261700360010835,1.069643799114394,1.203322125250752,0.7700813027842849
20231124,-0.010435292482747811,-0.013297508987100472,-0.00688705234159781,1.0584817532182778,1.1873209384758532,0.7647777125447237
20231127,-0.012563910033634057,-0.00870106397646986,-0.006657420249653323,1.0451830836986,1.1769899830295725,0.7596862659147449
20231128,0.0031720465610695996,0.0057389367924518975,0.0011170064227870036,1.0484984531049344,1.1837446541475283,0.7605348403530747
20231129,0.006549848212146801,-0.00680917738247799,-0.007531380753138084,1.0553659588234425,1.1756843268218777,0.7548069628943487
20231130,-0.0026773356196767373,-0.006059456005667277,0.0011242270938729426,1.0525403899500902,1.168560319366948,0.7556555373326784
20231201,-0.0005705175132759804,0.008392606825810965,-0.003930376193149732,1.0519398972241933,1.1783675866796388,0.7526855267985243
20231204,-0.009049852200085423,0.002376741501790535,-0.006764374295377795,1.0424199966309413,1.1811682618272652,0.7475940801685454
20231205,-0.016317742418932156,-0.015332711835989579,-0.018728717366628733,1.0254100556335735,1.163057749238851,0.733592601936104
20231206,-0.0036796824648580584,0.007441182069753329,0.0014459224985541308,1.0216368722325695,1.1717122737085748,0.7346533199840163
20231207,-0.01233646331532825,-0.006199921092791572,-0.0025989026855328667,1.0090334864366857,1.1644477500681263,0.7327440274977742
20231208,-0.02592030006787007,-0.011391354391920436,0.002026635784597497,0.9828790356897177,1.151183113076226,0.7342290327648513
20231211,0.007004334886241889,0.013879077482234381,0.006934412019647285,0.9897634496083549,1.1671604726988507,0.7393204793948299
20231212,0.008336644211024768,0.005714976530098993,0.0022955523672885114,0.9980147553408164,1.173830767407184,0.7410176282714896
20231213,-0.013647538923438264,-0.007279042536290838,-0.01660463784712296,0.9843943101211369,1.1652864033208201,0.7287132989157076
20231214,-0.002050631776300645,0.00028940501389255975,-0.004657933042212403,0.9823756798683929,1.165623643048562,0.7253190011623885
20231215,7.05925740416783e-05,-0.0017926875546114124,-0.0020473822755191495,0.9824450282963108,1.1635340440503081,0.7238339958953113
20231218,-0.0161875658474307,-0.0022368974954763807,-0.004103165298944722,0.9665416347092832,1.1609313376612704,0.7208639853611571
20231219,0.0015581091547512565,-5.901562268455739e-05,0.0005885815185402432,0.968047612078772,1.1608628245754844,0.721288272580322
20231220,-0.012328247006903383,-0.00823193769532245,-0.009117647058823453,0.9561132820026219,1.151306674130763,0.7147118206832662
20231221,0.01089497972002231,0.014059622055107544,0.00920154348471347,0.9665301168200845,1.1674936108385643,0.721288272580322
20231222,-0.017656326755463705,-0.010684529877998386,0.0017647058823531125,0.9494647452585125,1.1550194904711875,0.7225611342378169
20231225,-0.0011685734696355535,0.0072069544160037365,0.002642395772166628,0.9483552259468492,1.1633436632886094,0.7244704267240588
20231226,-0.012852537012040912,-0.003501955193139911,-0.005856515373352855,0.9361664553048049,1.1592696859055494,0.7202275545324098
20231227,0.01355310887211197,-0.004603701204856748,0.002945508100147265,0.9488544211959701,1.153932754655792,0.7223489906282343
20231228,0.015266688841665115,0.01188121611774693,0.02466960352422909,0.9633402864004071,1.1676428790992044,0.7401690538331599
20231229,0.012939594999913536,0.011933267473829114,0.002866150759530006,0.9758055195535292,1.1815766738894071,0.7422904899289844
20240102,0.0035768244578608336,-9.317552093745856e-05,-0.013146613318090972,0.979295804601984,1.1814665798672899,0.7325318838881917
20240103,-0.008451802346552004,-0.007739234197477075,-0.002896032435563023,0.9710189900226804,1.1723229333092047,0.7304104477923674
20240104,0.0028915202150023543,-0.004102877925668935,-0.008713331397037671,0.9738267110614822,1.167513035424375,0.7240461395048938
20240105,-0.025319634483163506,-0.022872311857483618,-0.004980955171403512,0.9491697746874642,1.1408093131804713,0.7204396981419922
20240108,-0.009732665073702396,-0.014740036303952783,-0.01383981154299152,0.9399318231723496,1.1239937424883037,0.7104689484916172
20240109,0.011880558918466967,0.005428342451542455,0.0023887727679903215,0.9510987385768908,1.130095165435921,0.7121660973682767
20240110,0.015375385737500727,-0.008733579181172546,-0.00476616026213883,0.9657222485569609,1.1202253898263261,0.7087717996149576
20240111,0.008952720183224943,0.017807369714906904,0.005686920083807223,0.9743680896230061,1.1401736575069892,0.7128025281970242
20240112,-0.012283487714556998,-0.008251564419676564,-0.003273809523809401,0.9623994511646655,1.130765441122452,0.7104689484916173
20240115,0.010009518523462204,-0.0003592453338347838,-0.0011943863839951607,0.972032606298068,1.130359218914067,0.7096203740532876
20240116,0.003848573836573009,-0.006475197650852596,0.006576980568011814,0.9757735455549625,1.123039919555135,0.7142875334641013
20240117,-0.032756900843485585,-0.023658186265082048,-0.022275022275022316,0.9438102282775223,1.0964708319551768,0.6983767627454177
20240118,-0.013719615566123193,-0.009464394059933635,0.03565622091219356,0.9308615147781797,1.0860933999263298,0.723278238877811
20240119,-0.010063918420487391,-0.01515735949841197,0.0021419828641371375,0.9214934004326808,1.0696310918147938,0.7248274884714905
20240122,-0.05875564702004982,-0.05892830553800717,-0.02106870229007629,0.8673504594655528,1.0065995440233793,0.7095563139052209
20240123,-0.012498812882085432,0.002317661226530144,0.006862133499688117,0.856509608369502,1.0089325007572052,0.7144253840567851
20240124,0.03052264520242256,0.016399714127689,0.01579925650557601,0.8826525472582302,1.0254787053437577,0.7257127739535929
20240125,0.027504020618835882,0.03377686207353854,0.01707837755413233,0.9069290411172886,1.0601161581335048,0.7381067707030291
20240126,-0.004642585279068577,-0.0035523552362085953,-0.0017991004497750485,0.9027185457018376,1.05635024894817,0.7367788424798752
20240129,-0.03695385848988727,-0.028498018559998155,-0.009011715229798711,0.869359612307775,1.0262463599477865,0.7301392013641059
20240130,-0.035454914600758974,-0.03553073841548543,-0.01697484086086687,0.8385365414960539,0.9897830689826375,0.7177452046146698
20240131,-0.05787320253827969,-0.04880832350114009,-0.00647548566142464,0.7900077463943043,0.9414734167557817,0.7130974558336313
20240201,-0.01840184242049378,-0.014125124884781994,-0.0012414649286157653,0.7754701483341868,0.9281749871684039,0.7122121703515287
20240202,-0.030794142261714296,-0.038787224026487765,-0.009322560596643825,0.7515902102666712,0.8921736560053206,0.7055725292357594
20240205,-0.08746350823608247,-0.08249789094664137,0.006273525721455453,0.6858534937208531,0.8185712110267274,0.7099989566462723
20240206,-0.005393499376898382,0.020653779960633785,0.032107231920199375,0.6821543433298262,0.835477800701383,0.7327950578104138
20240207,-0.023248627020762764,-0.02065685039065064,0.008758683177287896,0.6662951914311577,0.8182194607675847,0.7392133775556575
20240208,0.06694836160751882,0.0662599670117517,0.006586826347305452,0.7109025628444418,0.8724346552464181,0.7440824477072218
20240219,0.035909164389292675,0.03492698952910893,0.00803093396787613,0.7364304798383923,0.9029061713150415,0.7500581247114141
20240220,0.023130892204558967,0.01608109912756922,0.0035408675125407907,0.7534647738836858,0.9174258949588527,0.752713981157722
20240221,0.03637668295181865,0.01893086118882139,0.01411349603057932,0.7808733230786163,0.9347935572273491,0.7633374069429532
20240222,0.01716834619284295,0.024709115967523503,0.00753841693244417,0.7942796266219857,0.9578914796385735,0.7690917625766199
20240223,0.02196645915265303,0.027422607168182015,0.0008633093525181046,0.8117271375959619,0.9841593613944507,0.7697557266881969
20240226,0.016772350442601683,0.016379059493502823,-0.010063254744105743,0.8253417096114913,1.000278966125818,0.7620094787197994
20240227,0.03296494293643238,0.02746916041303172,0.011908219575951229,0.8525490519718918,1.0277557895041096,0.7710836549113509
20240228,-0.062204592266915035,-0.06613931595512822,-0.010332950631458115,0.7995165858064354,0.9597807246173851,0.7631160855724276
20240229,0.037676337869501635,0.03829678171402631,0.01595127610208813,0.8296394428255489,0.996537237521387,0.7752887609513381
20240301,0.00699206562894898,0.009255736545071537,0.007707679132172407,0.8354403362581498,1.0057609236492384,0.7812644379555306
20240304,0.008017936721950322,0.004922569467143794,-0.0008498583569404028,0.8421388440092327,1.0107118516632405,0.7806004738439537
20240305,-0.0011907014087360664,-0.013479708021921527,0.008222285228239201,0.8411361081013194,0.9970877510085243,0.7870187935891974
20240306,-0.004073707513618927,0.005816903019096598,-0.003937007874015852,0.837709565617771,1.0028877137576702,0.7839202944018382
20240307,-0.007609100104529289,-0.008277815335092416,-0.005364201016374692,0.8313353496744637,0.9945859944613511,0.779715188361851
20240308,0.008602274588411332,0.009731133540802336,0.0028384899233604433,0.8384867246274164,1.0042644435912662,0.7819284020671072
20240311,0.020016962948580637,0.01952528872782862,0.013586187376167791,0.8552706823271601,1.0238729968114777,0.7925518278523385
20240312,0.017393491880318166,0.013923456664837418,0.0013962580284836434,0.8701468259956918,1.0381288481128794,0.7936584347049667
20240313,0.005703207299790458,-0.0005923970225202947,-0.005856107083100914,0.8751094537255999,1.037513863674265,0.7890106859239281
20240314,-0.00013218061762802666,-0.0031817429554477595,-0.00364656381486661,0.8749937812175144,1.03421276124734,0.7861335081070948
20240315,0.02717465322758538,0.01431556828144697,0.0025337837837835497,0.8987714337983941,1.0490181046485199,0.7881254004418254
20240318,0.01157233771897585,0.01630962526179723,0.00870541982589157,0.9091723203624772,1.0661271968281778,0.7949863629281204
20240319,0.004591336865860541,-0.0021033154449832743,-0.006403118040089084,0.9133466367543774,1.0638847950287724,0.7898959714060305
20240320,0.015014323966410762,0.01124452394008434,0.0008405715886803389,0.9270599190522393,1.075847673075965,0.7905599355176075
20240321,-0.0037599199431538437,0.0017057054254110444,-0.0005599104143336753,0.9235742479740962,1.0776827522888466,0.7901172927765563
20240322,-0.021034919770003078,-0.014244927562579574,-0.008683473389355711,0.9041469377663202,1.0623312395470506,0.7832563302902613
20240325,-0.022137229528165752,-0.023626213296471167,-0.005368748233964382,0.8841316294777989,1.0372323750900072,0.7790512242502741
20240326,0.009067974049444701,0.003457711974688293,0.0031250000000000444,0.8921489121501968,1.0408188258938904,0.7814857593260562
20240327,-0.024760955458418693,-0.03511555748436807,-0.010761823845936047,0.870058452674169,1.004269892582401,0.7730755472460816
20240328,0.013294200591461459,0.02277467727096654,0.004866876610363446,0.8816251842703159,1.0271418152789134,0.7768380105450176
20240329,0.006686521167541425,0.011493235134347878,0.004558404558404616,0.8875201897267768,1.0389469976782348,0.7803791524734279
20240401,0.02248419541967021,0.02141915736850923,0.016449234259784395,0.9074753671114965,1.061200366919045,0.7932157919639153
20240402,-0.0037275349098944755,0.00019517098602624258,-0.0033482142857141906,0.904092721000719,1.061407482441028,0.7905599355176076
20240403,0.0010260705026905262,-0.008719560702738344,-0.00391937290033606,0.9050203838734351,1.0521524754675426,0.7874614363302485
20240408,-0.022990505605515753,-0.021838630349590687,-0.008150646430578945,0.8842135076648868,1.0291749064844002,0.7810431165850047
20240409,0.004858072780609518,0.017588962523405853,-0.0017001983564747247,0.888509081238721,1.047277025344584,0.7797151883618509
20240410,-0.024658795668680112,-0.023561467084090574,-0.0073800738007381295,0.8665995173546887,1.0226016421840034,0.7739608327281841
20240411,0.002447666736276469,-0.002001321285558017,-0.0008578781812981218,0.868720664166991,1.020555087750854,0.7732968686166072
20240412,-0.00425817011760196,-0.003850014203416092,-0.00801373783629089,0.8650215037942918,1.0166259361676446,0.767099870241889
20240415,-0.05025273897782842,-0.03802781227645895,0.021061742642815906,0.8215518039539086,0.9779658759116822,0.7832563302902611
20240416,-0.07124978015493955,-0.07049338361941385,-0.009042102288782217,0.7630164185362986,0.9090257522543439,0.7761740464334403
20240417,0.06602684406128721,0.06277311898331331,0.01311662389506707,0.8133959846191967,0.9660881339595018,0.7863548294776201
20240418,0.004073731598528035,-0.0016726581429335806,0.0016887137630170468,0.8167095415438557,0.9644721987754429,0.7876827577007739
20240419,-0.008128622090753379,-0.0017641551737295881,-0.007867378477100173,0.8100708183227332,0.9627707201560548,0.7814857593260559
20240422,-0.0015058521458115597,-0.006842412889966799,-0.0019824412347777542,0.8088509714427026,0.9561830453703765,0.7799365097323764
20240423,0.013486792747224802,0.0076677042655590895,-0.007094211123722993,0.8197597768579418,0.9635147741860182,0.7744034754692353
20240424,0.014443979897517454,0.017258589985151472,0.004001143183766764,0.8316003705956714,0.9801436806183303,0.7775019746565943
20240425,0.005007903488151853,0.004737876895288963,0.002846569883290906,0.8357649449923258,0.9847874807167954,0.7797151883618509
20240426,0.015620884776793837,0.013302115445591484,0.014192449616803549,0.8488203328985343,0.9978872374746635,0.790781256888133
20240429,0.03338115198554943,0.028464467117058564,0.012034704729918966,0.8771549334394448,1.0262915659322935,0.800298075820736
20240430,-0.0032253624702626572,-0.005461157140174403,-0.004977876106194823,0.8743257908365235,1.0206868264191016,0.7963142911512743
20240506,0.04053085033605101,0.0280162373699905,0.0138966092273487,0.9097629586098681,1.0492826308284815,0.8073803596775567
20240507,0.012223226017708392,0.00838099203736531,0.0005482456140348813,0.9208831968754957,1.0580766602024008,0.8078230024186078
20240508,-0.009554572141870589,-0.017188049552769247,-0.007945205479451989,0.9120845519367123,1.0398903861362134,0.8014046826733642
20240509,0.009069461239029247,0.013469838754196113,0.00966583816625266,0.9203566674272197,1.053897541959507,0.809150930641762
20240510,-0.01257876087709892,-0.0065205875937819294,0.000547045951859948,0.908779720986009,1.0470255107222886,0.8095935733828133
20240513,-0.012473851236856334,-0.016549803645210397,-0.0008201202843084454,0.8974437379393577,1.0296974441083084,0.8089296092712364
20240514,0.01432469369065571,0.01301447153686335,-0.0016415868673050893,0.9102993445899362,1.043098412186237,0.8076016810480825
20240515,-0.011419145979405814,-0.0055497937685518835,-0.0071252397917236365,0.8999045034891062,1.0373094311182993,0.8018473254144158
20240516,0.00776357327189598,0.0051626915856635034,0.003312172232955879,0.906890978039653,1.0426647397900632,0.8045031818607234
20240517,0.008848090508269563,0.01420739542022799,0.011279229711141703,0.914915231494481,1.0574782900389899,0.8135773580522749
20240520,0.00031234788512814887,0.004088879143784085,0.0021762785636563198,0.9152010033321097,1.0618021909641346,0.8153479290164802
20240521,-0.007926869700965032,-0.008733461545069767,-0.0032573289902281255,0.9079463242285036,1.0525289823608786,0.8126920725701724
20240522,0.0021526521156513107,0.0018797064736841022,0.002178649237472685,0.909900816804252,1.0545074279027624,0.8144626435343775
20240523,-0.027557043924486328,-0.022330503972173194,-0.01005434782608694,0.8848266400286513,1.0309597455952937,0.8062737528249286
20240524,-0.00853258066983305,-0.012872387950465209,-0.01125446060938795,0.8772767853437895,1.017688831788678,0.797199576633377
20240527,-0.0009924130464094023,0.010044338023628932,0.008328706274292053,0.8764061644167023,1.0279108424180357,0.8038392177491465
20240528,-0.00966606837933338,-0.011938505495249855,-0.006332599118942683,0.8679347625033812,1.015639123177201,0.7987488262270567
20240529,-0.00034227409204016027,0.004374595404518407,0.0002770850651150347,0.8676376909205953,1.0200821334181012,0.7989701475975823
20240530,-0.008699143722088534,-0.0059866045314441235,-0.0038781163434902233,0.860089985948576,1.0139753050957352,0.7958716484102234
20240531,0.0021252006295616544,0.004748576782670657,-0.0038932146829812053,0.8619178497281935,1.0187902446877142,0.7927731492228642
20240603,-0.01304545918387186,-0.016338182934650444,0.0013958682300392322,0.8506737355997137,1.0021450632979692,0.7938797560754925
20240604,-0.006219033646643637,-0.00543361172753585,0.006969612489545529,0.845383367015703,0.9966997961293411,0.7994127903386337
20240605,-0.019577214741351073,-0.02079436642505126,-0.003599114064230413,0.8288331153008702,0.9759740553528536,0.7965356125218002
20240606,-0.03995681184712682,-0.036135192403462656,0.0,0.7957155864601254,0.9407070450818906,0.7965356125218002
20240607,0.027217826921250854,0.020123303886578014,-0.006390664073353758,0.8173732355709388,0.9596371788183183,0.7914452209997103
20240611,-0.005176359334378342,0.0036988564682042665,-0.006991051454138697,0.8131422179933201,0.9631867390043198,0.7859121867365692
20240612,0.01282669150544507,0.01306295977665856,-0.0011264432554209947,0.8235721423735738,0.9757688086333441,0.7850269012544666
20240613,-0.006035308718909893,-0.006224697873466481,-0.0036650690724556734,0.8186016302420552,0.9696949426052492,0.7821497234376331
20240614,0.00732138265117702,-0.0008581449577469895,0.005659309564232995,0.8245949260159348,0.9688628037796998,0.7865761508481459
20240617,-0.011338815429663177,-0.0038135781142104547,-0.002813731007315634,0.8152449963456033,0.965167969795533,0.7843629371428895
20240618,0.010283602397225587,0.012809911209209731,0.003103837471783333,0.8236286517443491,0.9775316857905869,0.7867974722186717
20240619,-0.007820298924644793,-0.005771521201813662,-0.002812939521800284,0.8171876294848062,0.9718898409406018,0.7845842585134152
20240620,-0.02443066057549784,-0.022589081747201395,-0.006488011283497852,0.7972231958823672,0.94993574187432,0.7794938669913254
20240621,0.007274763332263473,-0.0008004436035282527,-0.0017035775127768327,0.8030228059554021,0.9491753718859738,0.7781659387681715
20240624,-0.030129361587709895,-0.03726550629250862,-0.004835039817974951,0.7788282414715945,0.9138038710922629,0.7744034754692356
20240625,0.003308732330216577,0.003364845429219311,-0.0060017147756501465,0.7814051756538373,0.9168786798711105,0.769755726688197
20240626,0.023450039327593358,0.025458037478939235,0.006037952846463579,0.7997291577537048,0.9402206116669096,0.7744034754692357
20240627,-0.018127713803273597,-0.01948028745270483,-0.005430122892254974,0.7852318964618126,0.9219048438826802,0.7701983694292484
20240628,0.0005283523577131015,0.004765660321762072,0.0020114942528737245,0.7856467755856597,0.9262983292176121,0.771747619022928
20240701,0.00943468476021199,0.008827771610594809,0.0040149125322626045,0.7930591052461874,0.9344754793112209,0.7748461182102869
20240702,0.002772071655344261,-0.0013438267619780534,-0.0014281633818910011,0.795257521912853,0.9332197061537102,0.7737395113576586
20240703,-0.007911506240125892,-0.011364227504539769,-0.0017162471395880674,0.7889658370657324,0.9226143851012596,0.7724115831345048
20240704,-0.027124498589983108,-0.025813874456375792,-0.004297994269340966,0.7675655343306981,0.8987981331926093,0.76909176257662
20240705,0.00500958951430199,0.01177228080014386,-0.004892086330935075,0.7714107225830208,0.9093790371991978,0.7653292992776842
20240708,-0.032816390366885106,-0.030307389912328793,-0.006940427993059717,0.7460958071775354,0.8818181321407035,0.7600175863850686
20240709,0.015157154864087963,0.019175258291903367,0.010774606872451908,0.7574044968703719,0.8987272225909853,0.7682064770945174
20240710,-0.005163366085548016,-0.005553045564235397,-0.002304811293575293,0.7534937401781899,0.8937365493741187,0.7664359061303122
20240711,0.03191326895003184,0.031184615048641912,0.013283280392722974,0.777540188560662,0.9216073796212522,0.7766166891744919
20240712,-0.0021800292198142345,-0.0019300104182322542,0.0028498147620403813,0.7758451282300199,0.9198286677770634,0.7788299028797483
20240715,-0.02494632447174699,-0.011778957603424858,0.001989201477692548,0.7564906439213698,0.9089940448969026,0.7803791524734278
20240716,0.0008717603440185498,0.0018135055926795521,0.007090187180941676,0.7571501224653614,0.9106425106810355,0.785912186736569
20240717,-0.005250228769408968,-0.012134055391262367,0.0014080540692762433,0.7531749111096322,0.8995927240147936,0.7870187935891972
20240718,0.006506082970066517,-0.0007711842555934218,0.0059055118110233895,0.758075129572284,0.898898972269587,0.7916665423702356
20240719,-0.001509059629269706,0.0054131762339518,0.006429969247973455,0.7569311489982931,0.9037648708230004,0.7967569338923257
20240722,-0.000923012448646918,0.004169250011395263,-0.008055555555555483,0.756232492124999,0.9075328925209778,0.7903386141470821
20240723,-0.017579727919994192,-0.016254391005953467,-0.019602352282274027,0.7429381306691824,0.8927814980351778,0.7748461182102867
20240724,-0.022885077089281548,-0.019210384694361107,-0.006283918880319761,0.7259359342762514,0.875630822009914,0.7699770480587226
20240725,0.011429360713859067,0.007680649376165605,-0.005748778384593423,0.7342329179242469,0.8823562353367359,0.7655506206482096
20240726,0.027125236483420346,0.016651348480485568,0.004336513443191636,0.7541491594568538,0.8970486564952572,0.7688704412060943
20240729,0.0010181240898441116,-0.00020256128909527523,-0.005757052389176676,0.7549169768834325,0.8968669491630163,0.7644440137955814
20240730,-0.0009105573413773999,0.0037454978074353378,-0.00665894614939222,0.7542295816880009,0.9002261623546677,0.7593536222734913
20240731,0.03365792999467753,0.033885160619806454,0.022442436607403193,0.7796153881483706,0.9307304704602076,0.7763953678039661
20240801,0.0032520807860935037,-0.00160910557863876,-0.007126567844925824,0.7821507603727107,0.929232826867981,0.770862333540825
20240802,-0.01595103120517942,-0.010687092374928483,-0.010335917312661591,0.7696746491868508,0.919302029809427,0.7628947642019017
20240805,-0.02922193163533679,-0.023378609956535935,-0.011314186248912228,0.7471832692068608,0.8978100262222606,0.7542632307514014
20240806,0.01875502709457037,0.01615178584933795,0.0,0.7611967116654452,0.912311261499191,0.7542632307514014
20240807,0.006704784395530046,-0.0037848627122093236,-0.0020539906103285155,0.7663003714997485,0.908858288623614,0.752713981157722
20240808,0.0013561274981576824,-0.003859695891966699,0.0011761246692150173,0.7673395725053878,0.9053503720206335,0.7535992666398247
20240809,-0.013163432017995294,-0.0055781237962633495,-0.0035242290748900285,0.7572387502079955,0.9003002155665094,0.7509434101935168
20240812,-0.009874350015498332,-0.005297159708053625,-0.0011788977306218529,0.7497615097431433,0.8955311815394584,0.7500581247114143
20240813,0.008601477546716455,0.010195100400267098,0.0014753614635587553,0.7562105665345912,0.9046612118468231,0.7511647315640427
20240814,-0.008051476999904363,-0.0032579113020594595,-0.007071302298173099,0.7501219545510532,0.9017139058602126,0.7458530186714274
20240815,0.005127309750491451,0.006505605111872951,0.011275964391691318,0.7539680621626805,0.9075801004556238,0.7542632307514019
20240816,-0.013520280753258144,-0.010321097269530718,0.0005868544600942105,0.7437742022832511,0.8982128779589309,0.7547058734924534
20240819,-0.00629070497058643,-0.005160676660180321,0.0026392961876831045,0.7390953382119538,0.8935774917237749,0.7566977658271841
20240820,-0.014121114100600718,-0.016982341946176205,-0.004679730915472247,0.7286584886098407,0.8784024532039153,0.7531566238987738
20240821,-0.004869381406697964,-0.0012772467393648908,-0.004407875404055295,0.7251103725135712,0.8772805165347105,0.7498368033408891
20240822,-0.010020788072592596,-0.01211642218647807,-0.002656434474616387,0.7178441951413741,0.8666510154204045,0.7478449110061582
20240823,0.011459317844425625,-0.0056512253513479795,0.004143237644273379,0.726070199936275,0.8617533752312891,0.7509434101935172
20240826,0.010744430973725128,0.012124514132855809,0.0002947244326556575,0.733871411081569,0.8722017162083171,0.751164731564043
20240827,-0.020520881614131178,-0.01592876194305004,-0.005008839127872755,0.7188117227347687,0.8583086227045151,0.7474022682651069
20240828,-0.0018593240370235915,0.0028966686479715894,-0.005922416345868986,0.7174752188205936,0.8607948583821871,0.7429758408545941
20240829,0.010606557266872199,0.01452971663522807,-0.0029788501638366993,0.7250851608165758,0.8733019637555415,0.7407626271493377
20240830,0.016812047895963682,0.017847837317131708,0.013444876008365636,0.7372753272688766,0.8888885151333821,0.7507220888229917
20240902,-0.0139595685712538,-0.015226369214854206,-0.017688679245282946,0.7269832817819731,0.8753539704111176,0.737442806591453
20240903,0.003137723729471984,0.0107074304183905,0.0036014405762303525,0.7292643544761499,0.8847267621407565,0.7400986630377606
20240904,-0.010853128372011649,-0.007341313781808241,-0.006279904306220052,0.721349554819888,0.878231705368718,0.735450914256722
20240905,0.009774311601823455,0.008590493215740807,0.002106530243755733,0.7284002501425342,0.8857761488755365,0.7370001638504017
20240906,-0.013948965841758148,-0.016616817012389627,-0.008408408408408508,0.7182398199341679,0.8710573686957325,0.7308031654756835
20240909,-0.002134151653119032,-0.0041020793405288644,-0.012416717141126465,0.7167069872351194,0.8674842222591903,0.7217289892841321
20240910,0.0028865203000376146,0.004029433476075363,0.0,0.7187757765029524,0.8709796922243287,0.7217289892841321
20240911,-0.009511068564117028,-0.005418452872352856,-0.002146580803434661,0.7119394508104064,0.8662603298092347,0.7201797396904525
20240912,-0.002521004791427745,-0.003426363362302333,-0.0033804548248309585,0.710144648043707,0.8632922071529605,0.7177452046146704
20240913,-0.015516768638440124,-0.012381200451764971,-0.0046253469010174575,0.6991254978401864,0.8526036132877531,0.7144253840567858
20240918,-0.009777929602422976,-0.006625411955720504,0.0030978934324659146,0.6922894979390462,0.8469547631147859,0.7166385977620422
20240919,0.03926154206538721,0.026142762174144032,0.008338480543545357,0.7194698511838058,0.8690965000591543,0.7226142747662346
20240920,-0.0025253682165771677,-0.0021348135220364273,0.0027565084226646164,0.7176529248888407,0.8672411410988734,0.7246061671009655
20240923,-0.0009066718872508385,0.002263242053798852,0.002748930971288921,0.7170022491570407,0.8692039177201929,0.7265980594356963
20240924,0.03652318115858172,0.0329034745070171,0.04386232104782217,0.7431894521941139,0.8978037466682987,0.7584683367913895
20240925,0.008800303902882495,0.011041203337367803,0.013714619200466904,0.7497297452308389,0.9077165803923141,0.7688704412060948
20240926,0.04928489780889785,0.03391797887206896,0.04778353483016695,0.7866800991088317,0.9385044921878872,0.8056097887133521
20240927,0.045986229796343446,0.0473449488369286,0.06291208791208791,0.8228565509226606,0.9829379393537504,0.8562923825637251
20240930,0.10551754423407565,0.10604809588788705,0.0940811579219436,0.9096823534329415,1.0871766361981792,0.9368533614350603
20241008,0.0664148061702929,0.07109553647740892,0.042286794235766756,0.9700987306127262,1.1644700423943934,0.976469886759151
20241009,-0.10162444743925904,-0.09352116282169373,-0.08839528558476872,0.8715129831526813,1.0555674499586427,0.8901545522541491
20241010,0.011498561240137796,0.003618543958863005,0.015912481352560848,0.8815341285610375,1.059387067177863,0.9043191199677904
20241011,-0.02674009131195592,-0.03230097446573056,-0.026676456191874753,0.8579618254687099,1.0251678325716256,0.8801950905804948
20241014,0.017726006504910685,0.029283638119478046,0.01584108624591396,0.8731700623679334,1.0551884763923827,0.8941383369236106
20241015,-0.012968982693365973,-0.012278506810967628,-0.026980198019802004,0.8618459349407184,1.0422323374981441,0.8700143075363151
20241016,-0.0023841561992278076,0.007967035607758407,-0.0063597049096921765,0.8597911596121501,1.050535839642549,0.864481273273174
20241017,-0.0062417048579732825,-0.007123685780044133,-0.011008704557091575,0.8544245969543565,1.0430521524202607,0.8549644543405713
20241018,0.03262363002861864,0.029166620009210404,0.03960652342738791,0.882299028892747,1.0734744581996916,0.8888266240309951
20241021,0.025701213321217747,0.014311729429429498,0.0,0.9049751844474228,1.088837734194849,0.8888266240309951
20241022,0.013460647274722253,0.015274422676316662,0.005976095617529875,0.9171567361976463,1.105469101972864,0.8941383369236106
20241023,-0.0016818649504550805,0.005628349206854874,0.003712871287128605,0.9156142024289616,1.1116910681161556,0.8974581574814952
20241024,0.005197572325547468,-0.003114544273208105,-0.01085080147965456,0.9203731734683847,1.1082286570663777,0.8877200171783669
20241025,0.02366228250812773,0.0261948499995766,0.0072301171777611195,0.9421513035118956,1.1372585405034636,0.8941383369236107
20241028,0.037299146806347404,0.02349646876585966,0.0014851485148514865,0.9772927432953774,1.1639801002791104,0.8954662651467645
20241029,-0.006368920617907776,-0.01727730003060492,-0.00815620365793368,0.9710684433928719,1.1438696668569346,0.8881626599194182
20241030,-0.002688481676638346,-0.0005312367244882841,-0.010465985546972312,0.9684577436760484,1.143262001281872,0.8788671623573411
20241031,0.012783598727408349,0.01209694818201294,0.0,0.9808381188556543,1.1570919824698433,0.8788671623573411
20241101,-0.03510930314672603,-0.030902531421607836,0.0020146058927221766,0.9464015760028867,1.1213349111238786,0.8806377333215462
20241104,0.029818801056172243,0.019713354414736303,0.013319929630560612,0.9746221363169646,1.1434401836444805,0.8923677659594056
20241105,0.02465916938063615,0.026319140756480147,0.02604166666666652,0.9986555086585222,1.1735345467844351,0.9156065098645984
20241106,0.02145131172727802,0.0062740437968036526,-0.006284747401498536,1.0200779792829195,1.1808973539280228,0.9098521542309317
20241107,0.03649618891163003,0.022405529906736672,0.03332522500608137,1.0573069379194227,1.2073559849082434,0.9401731819929453
20241108,0.010450485331994885,-0.0028376779588522956,-0.01271186440677985,1.068356308565566,1.2039298974413808,0.9282218279845602
20241111,0.010697124486485026,0.021560402580236553,0.005007153075822668,1.0797846489942136,1.2298871107085998,0.9328695767655989
20241112,-0.008623672576309655,-0.009993429694406464,-0.010913404507710611,1.0704729397283619,1.2175963203356768,0.9226887937214191
20241113,-0.008789025581522907,0.0024881666550262155,0.006236507555768878,1.0610645256767612,1.2206259028992188,0.928443149355086
20241114,-0.027575604809581555,-0.030994874277955164,-0.016924910607866717,1.0318050296392327,1.1827927564984422,0.9127293320477649
20241115,-0.02635331869852862,-0.0177184624207274,-0.01673132880698347,1.0046135428584053,1.161835487490916,0.8974581574814953
20241118,-0.02788266531302571,-0.02561105379388258,-0.004192355117139224,0.9766022396739513,1.1320796563211444,0.8936956941825593
20241119,0.026861733147171322,0.02471221599761367,0.004952947003467045,1.0028354684270027,1.1600558533146568,0.8981221215930723
20241120,0.02912942493933001,0.022902688895769803,0.002464268112370549,1.0320474889310447,1.186624251624839,0.9003353352983287
20241121,0.007375666183587124,0.0049260902123056454,0.0012291052114064005,1.0396595266950093,1.1924696697364527,0.9014419421509572
20241122,-0.030487220380724697,-0.031534587694666126,-0.029462312791554424,1.0079631975837386,1.154865630362919,0.8748833776878794
20241125,0.026019153310769417,0.016769403468713084,-0.0055653933721223625,1.0341895465532833,1.1742320380706246,0.8700143075363153
20241126,-0.007372171989923732,-0.005515487405415057,-0.0020351055711014254,1.0265653233459113,1.1677555760536111,0.8682437365721102
20241127,0.006219741417423409,0.015922754196544327,0.016314045373438724,1.0329502942052167,1.1863494610527567,0.8824083042857516
20241128,0.005814166720259089,0.010473394465746723,-0.007273639327815329,1.0389560394294666,1.1987745669325882,0.8759899845405079
20241129,0.03756073262013473,0.019709190681421268,0.010864072764022348,1.077979989430551,1.2224014434563009,0.8855068034731108
20241202,0.03937673385907226,0.027864238165483224,0.007498125468632821,1.1204273205797635,1.2564627284105978,0.8921464445888803
20241203,-0.006373419715869325,0.0010089960489375702,0.0009923096005952647,1.1132863670045818,1.2577304943392016,0.8930317300709827
20241204,-0.023470476025525766,-0.017536395735263662,-0.00520446096654259,1.087157006018256,1.2356744346621606,0.8883839812899442
20241205,0.024306980100379634,0.009951062107619634,-0.0017438963627306459,1.1135825097295302,1.2479707077062814,0.8868347316962645
20241206,0.0030143419018012966,0.011972504834983197,0.012478163214375115,1.116939228149721,1.2629120430382124,0.897900800222547
20241209,-0.006971772499860716,-0.0037447895997153265,-0.0007394626571357588,1.109152181954891,1.2581827031540875,0.8972368361109702
20241210,0.02461410786375017,0.004878606361687569,0.00764676862358149,1.1364529733988424,1.2643208812938602,0.904097798597265
20241211,0.029243291329917463,0.019127522727637555,-0.002447980416156681,1.1696865987826957,1.2885042076858353,0.9018845848920085
20241212,0.046365336069916496,0.011670148768127152,0.010306748466257787,1.223919511031733,1.3035412434778868,0.9111800824540858
20241213,-0.021442255927302686,-0.014702892113904981,-0.02356084527568625,1.1976759156417713,1.2843754172090058,0.889711909513098
20241216,-0.02269183833449298,-0.004274847123541898,-0.005970149253731294,1.1704984473869124,1.278884908651202,0.8844001966204825
20241217,-0.04618176232586446,-0.03801650485865565,0.002752752752752663,1.1164427662868968,1.2302661743078023,0.8868347316962646
20241218,0.009167924243199392,0.006189331621504906,0.004242575492887646,1.126678228990083,1.2378806996433134,0.8905971949952007
20241219,-0.0031164496954222314,0.00035721421385840344,0.0014910536779324524,1.123166992966508,1.238322888224287,0.8919251232183547
20241220,0.005142983841903239,0.013477267558598738,-0.0029776674937966874,1.1289434226630939,1.2550120971128225,0.8892692667720468
20241223,-0.05363397643990742,-0.0434166285146697,0.0009955201592835028,1.068393697729993,1.2005237031110585,0.8901545522541496
20241224,0.0005165482176222886,0.012333529866432743,0.011685728493286751,1.0689455745902745,1.215330398058739,0.9005566566688549
20241225,-0.016484949791053527,-0.018956035215855697,0.0007372818874418208,1.051324060463785,1.1922925522342378,0.901220620780432
20241226,0.016789424880487576,0.01506357389121798,0.000245579567780041,1.068975186801991,1.210252739194767,0.9014419421509577
20241227,0.00586636455606285,0.005804250296535991,-0.00147311563957786,1.0752461849491568,1.2172773490151219,0.9001140139278038
20241230,-0.013301300386339173,-0.013126296114581219,0.004671748217359273,1.060944012453883,1.2012990060783768,0.9043191199677911
20241231,-0.017143245736924495,-0.023294419712310797,-0.01566324033284383,1.0427559885352673,1.1733154428308052,0.8901545522541497
20250102,0.003769499019693005,-0.015163710868757898,-0.02809547488811559,1.04668665621183,1.1555236266978703,0.8651452373847515
20250103,-0.052060827355654773,-0.043738915338799096,-0.010232796111537268,0.9921952829073184,1.10498227661775,0.8562923825637258
20250106,-0.011535311252566034,-0.001984751126929981,-0.004135435513052399,0.9807500014956547,1.102789161798995,0.8527512406353155
20250107,0.027489510641125977,0.02395268551827011,0.0070075266026470295,1.0077103390980537,1.129203923784523,0.8587269176395077
20250108,0.017595414914504205,-0.003965876079450115,-0.001546391752577314,1.0254414206281197,1.124725640954365,0.8573989894163538
20250109,0.021801957563079212,0.004102456025293085,-0.0020650490449147796,1.0477980509640776,1.1293397784368997,0.8556284184521487
20250110,-0.040970748612218486,-0.027195069045039766,-0.011122607346094049,1.004868980421656,1.0986273051869984,0.846111599519546
20250113,-0.0026166027067346534,-0.001307742509590681,-0.0039236201935652915,1.0022396375275708,1.0971905835578084,0.8427917789616612
20250114,0.036390064306973766,0.04656490955003531,0.025735294117646967,1.038711202388197,1.1482811638403283,0.8644812732731745
20250115,-0.008884859274249405,-0.0031122078140034815,-0.00588837685611876,1.0294823995283915,1.1447074742295515,0.8593908817510847
20250116,0.004484300193957837,0.0034495319923794504,0.000515065670873005,1.0340989076522729,1.1486561792838224,0.8598335244921359
20250117,-0.007767815324854155,-0.00046962758220400877,0.0033462033462032803,1.0260662183099967,1.1481167386595617,0.8627107023089693
20250120,0.010127443168580691,0.012834357050355944,0.004874294510004873,1.0364576456231318,1.1628520788190086,0.8669158083489563
20250121,-0.00033947033689630667,-0.002486207716566616,0.0012764871074804063,1.0361057989969933,1.1599609870074232,0.8680224152015847
20250122,-0.01769390456666021,-0.013136838726906,-0.009178990311065838,1.0177730418685773,1.144722766591604,0.8600548458626615
20250123,-0.007134171432542438,0.0012660845172458317,0.002830674215131168,1.0105120745084666,1.1461720823629244,0.8624893809384435
20250124,0.012935559589481732,0.014252620738979285,0.008211444701052173,1.0235836136641616,1.1625080383544493,0.8695716647952643
20250127,-0.006887414687235093,-0.009387165830081614,-0.0055993891575463195,1.016533768849798,1.1515953826196133,0.8647025946437001
20250205,-0.01057833968719189,0.009463069215423874,-0.00511901714870755,1.0057805293394033,1.162493009433505,0.8602761672331871
20250206,0.019803707331602364,0.02035198367739348,0.011577051710830899,1.025698712582265,1.18615204818658,0.8702356289068411
20250207,0.011394156845775279,0.012206438806973984,0.014242115971515812,1.0373856845899372,1.2006307405785364,0.8826296256562773
20250210,0.02451571936752441,0.016142273361562626,0.0010030090270811698,1.0628179409092313,1.2200116501992504,0.8835149111383799
20250211,-0.007941547780030886,-0.0002293730820710385,-0.004008016032064243,1.0543775214500266,1.2197318123668817,0.8799737692099694
20250212,0.0031104729090936597,0.008957146884817408,0.009557344064386575,1.0576571341664542,1.2306571293703363,0.8883839812899442
20250213,-0.011443521479263056,-0.010615653775669934,-0.0024912805181867004,1.0455538120339245,1.2175928993683809,0.8861707675846875
20250214,-0.009663199407178595,-0.004023111964579131,0.007492507492507627,1.035450417057305,1.2126943868069453,0.892810408700457
20250217,0.019706422856906602,0.01114163011061739,0.0017352503718395251,1.0558554408231964,1.2262057791019703,0.8943596582941367
20250218,-0.03273601038779827,-0.021040324488054242,-0.007176441474882611,1.0212909461443949,1.2004060116205375,0.8879413385488928
20250219,0.016078909484791543,0.020772803938077587,0.005234297108674069,1.0377121908250877,1.2253418103460207,0.8925890873299315
20250220,0.011340887820878913,0.009454068474456031,-0.0029754525167370316,1.0494807683715934,1.2369262757256458,0.8899332308836236
20250221,-0.0023542369911194743,0.0018402965494990337,0.013429495150460102,1.0470100419252246,1.2392025868828485,0.9018845848920085
20250224,0.009451902970625571,0.00790982998259499,-0.0031901840490796696,1.0569062792507724,1.2490044686590838,0.8990074070751752
20250225,-0.005810085883443349,-0.00228975658033617,-0.0100935499753817,1.050765562997575,1.2461445524581023,0.8899332308836236
20250226,0.012178052026599464,0.014002938706858842,0.008206913703059149,1.0635618406915186,1.263594238246059,0.8972368361109702
20250227,0.02852085712094182,0.004439189411425985,0.003206709422792109,1.0938955359891673,1.2692035724088198,0.9001140139278034
20250228,-0.026473658536696712,-0.026687390194808168,-0.01794934841406437,1.0649361190945732,1.2353318414353012,0.8839575538794313
20250303,0.00021472184479137148,0.0033669508706860836,-0.003254882323485253,1.0651647841426501,1.239491143054408,0.8810803760625979
20250304,0.007926381580133972,0.012340622933708884,-0.0010047726701833959,1.073607686667486,1.2547872358805143,0.8801950905804953
20250305,-0.0007238678025951771,0.0039035125508773247,0.004274578828262543,1.0728305366304887,1.2596853136044546,0.8839575538794313
20250306,0.008131647313636027,0.012099704541799058,0.013770655983976088,1.0815544161816668,1.274927133714712,0.896130229258342
20250307,-0.011790947182508766,-0.005366305162503918,-0.002469745616201724,1.0688018651854596,1.2680854856552424,0.8939170155530853
20250310,0.0025122870641378133,0.005747141082505328,-0.003961376578360931,1.0714870022854914,1.2753733518459804,0.8903758736246751
20250311,0.007165761023736258,0.004282670886285539,0.00298284862043241,1.0791650220839089,1.2808353561690755,0.8930317300709827
20250312,0.0021112167913572345,0.002646140153692815,-0.0024783147459724875,1.081443373399178,1.2842246260353039,0.8908185163657264
20250313,-0.0149465533828389,-0.013620354347919476,-0.004968944099379202,1.0652795222881497,1.2667330315663785,0.8863920889552132
20250314,0.041862764305153996,0.016601597964416008,0.025218476903870135,1.1098750678488054,1.2877628240846895,0.9087455473783034
20250317,0.011441142181535682,0.005793710851657972,-0.002922552362396469,1.1225733063038053,1.2952237495329506,0.9060896909319957
20250318,-0.0019115828919819302,0.005364909765462526,0.0021983390327307006,1.1204274143764794,1.3021725080752788,0.9080815832667264
20250319,-0.00858813730235139,-0.0029594957184948317,0.0014623446258836825,1.1108050299044956,1.2983187341128883,0.9094095114898805
20250320,-0.003862689363869757,-0.000660576905911069,-0.008031151131662306,1.1065143351301505,1.2974610947406218,0.9021059062625341
20250321,-0.01492948309429028,-0.009368287210040047,-0.01619234543670256,1.089994648070235,1.2853061065612388,0.8874986958078415
20250324,-0.019060732406551324,-0.01679989479373726,0.004239401496259454,1.069218551758795,1.263713099193262,0.8912611591067775
20250325,-0.003287290235856428,-0.0030877787011098405,0.0004966476285075405,1.065703720053602,1.2598110328012595,0.8917038018478287
20250326,0.007450111583154815,0.012604292262581123,-0.0039712087366591264,1.0736433316825844,1.2756900592543108,0.8881626599194185
20250327,-0.004992413988639073,-0.0018163365488375557,0.0034886618489906596,1.0682832596946832,1.2733729767746984,0.8912611591067774
20250328,-0.02148509449301973,-0.01501116109918044,-0.004718152470821968,1.0453310929148318,1.2542581698809905,0.8870560530667901
20250331,-0.013627564564327769,-0.011984447963465868,-0.0059880239520957446,1.0310857759550356,1.2392265781112999,0.8817443401741747
20250401,0.01330578164936229,0.009015422707385146,-0.0005020080321285203,1.0448051781516565,1.2503987295431995,0.8813016974331234
20250402,0.00849917944147319,0.0018235205868780751,-0.0007533902561527306,1.053685164842148,1.2526788573683278,0.8806377333215464
20250403,0.0073141748612650555,-0.0036929325699476944,-0.005026388539834059,1.0613920023865242,1.2480527988162675,0.8762113059110335
20250407,-0.06442629249517144,-0.11223052648347406,-0.06668350593584249,0.9930104507887343,1.1079831761259444,0.8177824640922627
20250408,0.0164473655154959,0.0017593783082556894,0.009472259810554773,1.009342856633564,1.1099325376919327,0.8255287120606604
20250409,0.03239437351788568,0.02936666345657053,0.00965147453083115,1.0420398861389615,1.142527552985829,0.8334962813995836
20250410,0.04775409936644894,0.02823870902676206,0.016728624535315983,1.0918015624054445,1.1747910561096542,0.8474395277426994
20250411,-0.02295561710672471,0.005419374038777051,0.0028728127448418572,1.0667385837823413,1.1811576882601225,0.8498740628184813
20250414,0.017665771413605653,0.016944336397193192,0.002083333333333437,1.0855833437615137,1.2011716214681332,0.8516446337826866
20250415,-0.013166543264049785,0.00041026947723048863,0.0007796257796257589,1.071289963699146,1.2016644255213371,0.8523085978942635
20250416,-0.012440221890928525,-0.014913696568612808,0.002337055310309033,1.0579628788412039,1.1837431669018155,0.8543004902289943
20250417,0.008612656098197311,0.007494341553651393,0.0007772020725389517,1.067074749281322,1.1926145425063788,0.8549644543405713
20250418,-0.01054675136617047,-0.002087719460433111,0.0025886616619208436,1.0558205772115332,1.1901246979171927,0.8571776680458278
20250421,0.016909095012248396,0.014296159249460883,0.0005163955589981839,1.07367354766749,1.2071389101253334,0.8576203107868792
20250422,0.007904296887023272,0.004028739558606738,0.0007741935483871476,1.0821601821479974,1.2120021584052887,0.8582842748984562
20250423,-0.011332045029721564,0.010158271897709415,0.001031459515214106,1.0698970942345247,1.2243140058709803,0.8591695603805588
20250424,-0.003825017389814919,-0.008871830319504254,0.0,1.0658047192437652,1.2134520997531004,0.8591695603805588
20250425,-0.0003470791972936887,0.0032695267944111706,0.0,1.0654348005973382,1.2174195139069777,0.8591695603805588
20250428,-0.0204516051579563,-0.01442478624591352,-0.0015455950540960162,1.0436449487339756,1.1998584976472657,0.8578416321574047
20250429,0.007132566749977785,0.01201604299507316,-0.0018059855521154189,1.0510888159940979,1.2142760489429991,0.8562923825637253
20250430,0.008989159874081018,0.006691076884304783,-0.0007753941586974289,1.0605372214029274,1.2224008633452466,0.8556284184521483
20250506,0.02761244159329215,0.029734722627668665,0.009570615623383238,1.089821243486428,1.2587486139566402,0.8638173091615972
20250507,0.01074790723890252,0.010319841516540897,0.006149116064565918,1.1015345411184057,1.271738700161838,0.8691290220542128
20250508,0.006027163723146954,0.009714589772291076,0.005856888209829325,1.108173670144428,1.284093119931457,0.8742194135763026
20250509,-0.012724643210522872,-0.009889775457529422,-0.0012658227848102444,1.0940725555765445,1.2713937273087763,0.8731128067236743
20250512,0.006284821814787421,0.01338449824177948,0.011406844106464087,1.1009486066407923,1.28841069441655,0.8830722683973286
20250513,-0.00045815309377258756,-0.0038397319423586524,0.001002506265664227,1.1004442036305753,1.2834635427183223,0.8839575538794312
20250514,0.004316324767237806,0.0036186438251440793,0.01276915373059584,1.1051940782016692,1.2881079401419775,0.8952449437762391
20250515,-0.0026411812790317494,-0.007526343124360101,-0.008405438813349653,1.1022750602926261,1.2784131978032562,0.8877200171783672
20250516,0.0060243687002819,0.004998245255047164,-0.005484916479680968,1.1089155716649544,1.2848030205031662,0.8828509470268029
20250519,0.014490700488845803,0.010835948187215196,-0.0015041363750313286,1.1249845350813683,1.298725079464116,0.881523018803649
20250520,0.01850696136430266,0.012140362918542095,0.005021340697966448,1.1458045804075572,1.314492073260223,0.885949446214162
20250521,-0.0038242344530110455,-0.005918458234401058,0.003997002248313786,1.1414227550547447,1.3067123068251811,0.8894905881425724
20250522,-0.02141280866759333,-0.013689650956747146,-0.0004976362279174307,1.11698168799192,1.2888238714438585,0.8890479454015211
20250523,-0.016934981984180402,-0.008443545035232845,-0.007219317898929489,1.0980656232291175,1.2779416290428391,0.8826296256562775
20250526,0.010371867886212754,0.008187780911898123,-0.0052657973921765855,1.109454614803642,1.2884051351196362,0.8779818768752389
20250527,0.011618563961778053,0.009350293849024326,-0.005293672800604998,1.1223448842084278,1.3004521017295967,0.8733341280942003
20250528,-0.002430166286991342,-0.004739780783521403,-0.0010136847440446184,1.1196173995084473,1.2942882438479286,0.8724488426120977
20250529,0.006144456632426928,0.012716298697219689,0.0060882800608828,1.1264968400646376,1.310746799756999,0.8777605555047132
20250530,-0.014273628838856856,-0.015207406262233294,-0.0017650025214321907,1.1104176422814098,1.2908137406661722,0.8762113059110337
20250603,0.006743283180179451,0.0119133636091968,-0.0005051780752717283,1.1179055028915805,1.3061916741104758,0.8757686631699823
20250604,0.017081845123541644,0.01118018123740032,0.004296183977761103,1.1370013915547295,1.3207951337578143,0.8795311264689184
20250605,-0.005561466827901695,-0.0014877552727282275,0.0025163563160544022,1.1306779960323197,1.3188301138333722,0.8817443401741749
20250606,-0.00429919231923132,0.0012028384052030672,0.0005020080321285203,1.1258169938762537,1.3204164533442293,0.8821869829152262
20250609,0.00657762193533889,0.012415573474475026,0.002257902659307698,1.1332221924303514,1.3368101808376305,0.8841788752499572
20250610,-0.011599939261263821,-0.00660401644900469,-0.005757196495619676,1.120076883828643,1.3279818644141819,0.8790884837278672
20250611,0.0041095557065343735,0.0046372914359808564,0.008056394763343189,1.124679902178338,1.3341401033411677,0.8861707675846877
20250612,-0.0006058137551804791,-0.00020497443411758763,0.0004995004995007601,1.1239985556234233,1.3338666387284517,0.8866134103257393
20250613,-0.02942271850409953,-0.01696931572975089,-0.006490264603095208,1.0909274625223009,1.311231834594487,0.8808590546920726
20250616,0.0067273800015534135,0.01009609011006819,0.002512562814070307,1.0982665461168188,1.3244701493517428,0.883072268397329
20250617,0.010693488499860617,0.0007442614512650601,-0.00025062656641616776,1.1100108467975007,1.3254559014272567,0.8828509470268032
20250618,-0.01275719531038222,-0.0027466843423031885,0.023306637251779616,1.0958502216282622,1.321815292456393,0.903427233796547
20250619,-0.020061462488510526,-0.01318787857300014,-0.007940573770491621,1.0738658635140408,1.3043833528835433,0.8962535032003144
20250620,-0.013736658450335983,-0.005240950629604859,0.0012909888974954598,1.0591145349254734,1.2975471441290023,0.8974105565222874
20250623,0.011926849455464154,0.017124447523732707,0.0033522434244455113,1.0717464345396233,1.3197669221082087,0.9004188951594172
20250624,0.03167181750687941,0.020425911257893094,0.01156515034695449,1.1056905920280107,1.3467243641402935,0.9108323750571745
20250625,0.01053932086031611,0.010606150907110201,0.016514227642276502,1.1173438199496268,1.3610079259766477,0.925874068242824
20250626,-0.0056993594976614175,-0.00042051499673374164,-0.0037490627343165217,1.1109756758372435,1.360435601733101,0.9224029082769049
20250627,0.013787750111034603,0.01675825363788943,-0.005770195684897228,1.1262935308351252,1.383234126604959,0.9170804629958288
20250630,0.013075059222811311,0.010198965914060363,0.004794347716376546,1.1410198854530635,1.3973416843133681,0.9214772656193264
20250701,0.008166366730686523,0.000976991208763242,0.0015067805123052391,1.1503378722846793,1.3987068748545806,0.9228657296056939
20250702,-0.0005049553743985415,-0.004239845305784807,0.0010030090270813918,1.149757002993695,1.3927765740770595,0.9237913722632725
20250703,-0.00030592074264995157,0.009005856661075074,0.005761523046092121,1.1494052684774723,1.4053197202641008,0.9291138175443484
20250704,-0.006049796781737207,-0.012780628621724834,0.004234122042341415,1.1424516001833254,1.387358850824619,0.9330477988390569
20250707,0.004775355240879545,0.009082953324840874,-0.0044642857142858094,1.147907212419712,1.399960166511464,0.9288824068799538
20250708,0.004762101723742181,0.008644551047240604,0.008470353761833582,1.153373663334672,1.4120621936349758,0.9367503694693705
20250709,-0.0035976884752293437,-0.004030583417562247,-0.0007411067193675569,1.1492241841984598,1.4063707591727441,0.9360561374761868
20250710,0.00632747496918879,0.0018000106034004064,0.0049443757725586845,1.156495871457962,1.4089022414515673,0.9406843507640789
20250711,-0.0075089794418835565,0.001476946632305064,0.0034440344403441348,1.147811767734561,1.4109831148723262,0.9439241000656031
20250714,0.005893612508364418,0.008198389859518387,-0.00024515812699177353,1.154576525526129,1.4225509045332472,0.9436926894012087
20250715,-0.015851198399510148,-0.011475991392664996,0.0,1.1362751039525973,1.406225722597196,0.9436926894012087
20250716,0.011208307281878181,0.0065567228431637845,-0.002206964198136374,1.1490108244744461,1.4154459549151934,0.9416099934216572
20250717,0.010243334641532839,0.0062853923980071055,0.00811010076185803,1.1607805268562816,1.4243425881600071,0.9492465453466793
20250718,0.0026389503951915446,0.0033147516883682802,0.00731350560702082,1.1638437690863597,1.4290639301589254,0.9561888652785174
20250721,0.0067860128292082395,0.01581235707148382,0.006050338818974099,1.1717416278345738,1.4516607993005763,0.9619741318883829
20250722,0.0038329438673451277,0.005715898786645721,0.01058455617031484,1.1762328477210955,1.4599583455019196,0.9721562011217453
20250723,-0.007407458677399206,-0.009610348673317242,-0.0004760771244941564,1.167519951506602,1.4459276367531269,0.9716933797929561
20250724,0.021829194567809143,0.014880619244445354,0.006191950464396356,1.1930059716898385,1.4674439353706707,0.9777100570672159
20250725,0.004654487134579207,-0.00010050437891927466,-0.0052071005917159185,1.198558802636545,1.4672964508293473,0.9726190224505347
20250728,0.001302586882436835,0.0009829649828534141,0.002617178206043569,1.2001200296106884,1.4687387518599777,0.9751645397588756
20250729,-0.0012730919250780535,0.0006577951187823675,0.004983388704318914,1.1985921664918666,1.4697048810417175,0.9800241637111624
20250730,0.003931470035608978,-0.0013305544690140046,-0.0007083825265643551,1.203304395679345,1.4677493586441157,0.9793299317179786
20250731,-0.02029979059897379,-0.013034696911684766,-0.018194706994328902,1.1788775684202295,1.44861769061187,0.9615113105595938
20250801,0.010634452983585785,0.0051724775414578265,-0.005294825511432122,1.1914142864949984,1.4561106330827185,0.9564202759429123
20250804,0.00570780600897994,0.014161366781042656,0.004597144931042907,1.198214648118639,1.4767311498315792,0.96081707856641
20250805,0.008568061624931723,0.012096018373971647,0.007466281310211764,1.2084810250636155,1.494593716953358,0.9679908091626426
20250806,0.01020837276467998,0.011560318216475912,0.0026296916088930367,1.2208176498465075,1.5118716959256844,0.9705363264709832
20250807,0.006737095903148174,0.002316303341167745,-0.00023843586075356082,1.2290424154337793,1.5153736493863739,0.9703049158065885
20250808,-0.00022180707967786313,-0.001807970711303231,-0.0023849272597185056,1.2287698051248117,1.5126338982116025,0.9679908091626425
20250811,0.00974546115748175,0.016971661369462404,0.004542194597179083,1.2407447335321418,1.5383058085080197,0.97238761178614
20250812,0.0034159759546538264,-0.0021470339671775776,0.006187529747739173,1.244983087707751,1.5350030136852464,0.9784042890603998
20250813,-0.0029078535997580117,0.0039067976187896515,0.008278145695364225,1.2413628591545223,1.5409999598039468,0.986503662314211
20250814,-0.005139885502444436,-0.014278252503718083,-0.0016420361247946325,1.234982396191481,1.5189971732696466,0.9848837876634489
20250815,0.012477857603131097,0.017525775858638907,0.009163533834586568,1.2503923306735318,1.5456187772582766,0.9939088035748387
20250818,0.009011548711065293,0.014318756586235413,0.0074505238649591465,1.2616603020693389,1.5677501163049528,1.001313944835466
20250819,0.007283173547455668,0.007203564201446766,-0.005084354055927887,1.2708491930072452,1.579043504919581,0.9962229102187846
20250820,0.0065047816827031365,0.007588882383436628,0.013704994192799136,1.2791157895593968,1.5910266803567454,1.0098761394180664
20250821,-0.006934317257655396,-0.005989522204078354,0.0032080659945004086,1.2702459948653155,1.5814971907274677,1.0131158887195908
20250822,-0.00027433808030612075,0.003869810299151883,0.023069894929191426,1.2698975180175678,1.5876172848442247,1.036488365823446
20250825,0.009018191811571446,0.01078714998035676,0.019200714445188893,1.2813496974160887,1.604743150607246,1.0563896829613826
20250826,0.003694786305004536,0.006355987139544824,-0.005257393209200489,1.2860840107300233,1.6149428774347785,1.050835827015912
20250827,-0.02160745291767169,-0.025523391687885075,-0.014534243558687598,1.258295011020004,1.5737240578204503,1.0355627231658677
20250828,-0.005976678804379042,-0.00011223982396633254,0.018770949720670504,1.2507745858979848,1.573547423309229,1.0550012189750149
20250829,0.005974867371683715,-0.0004993967556131179,0.009212546611099048,1.258247798160598,1.572761598831225,1.0647204668795884
20250901,0.009971929912642013,0.009757648616293399,0.0032601608346010114,1.2707949570165915,1.5881080538698198,1.0681916268455074
20250902,-0.011369677558661768,-0.0122582121665917,-0.0056325823223569715,1.2563464281121395,1.5686406884020105,1.0621749495712476
20250903,-0.02324405825114135,-0.01699405818039501,-0.008932461873638275,1.2271438385534874,1.5419831172791718,1.0526871123310688
20250904,0.01234957005122108,-0.005195570235804829,-0.020444053638162152,1.2422985373506281,1.5339716356909225,1.0311659205423704
20250905,0.010271735012082672,0.021290741331106817,0.021992818671454195,1.2550590987321917,1.5666310289956726,1.053844165653042
20250908,0.008996968175975374,0.012387603825280527,0.00021958717610881529,1.2663508255024536,1.5860378335232628,1.0540755763174365
20250909,-0.00803767886500171,-0.004664742164690632,-0.005927552140504888,1.256172304236635,1.5786393759664323,1.0478274883787821
20250910,0.006114794386378036,0.002316027433430256,0.0022084805653710404,1.2638535395909047,1.5822955480686638,1.0501415950227282
20250911,0.004009971110495907,0.011831805904036468,0.026884089907448283,1.2689215557725624,1.6010169618762333,1.0783736960788703
20250912,-0.011361154751374405,0.002363082793902349,-0.008369098712446177,1.2545051416100754,1.6048002975115887,1.0693486801674807
20250915,0.001983486005944791,0.0018190007934179501,0.0017312270071410119,1.2569934350028449,1.6077194305260398,1.0711999654826372
20250916,0.009764271350810504,0.014106596506481207,-0.0019442644199609838,1.2692670599884002,1.6303988798281006,1.069117269503086
20250917,0.0014514849690623129,-0.0007934402316579041,0.0071428571428571175,1.2711093820476993,1.6291052557631949,1.076753821428108
20250918,-0.009118517587409164,-0.010873895004566553,-0.012679991403395485,1.2595187487919766,1.6113905362606382,1.0631005922288264
20250919,-0.00031243306958740353,0.002367179123007477,0.002176752285589778,1.2591252334830887,1.6152049862970863,1.0654146988727724
20250922,0.003505421081333076,0.010493799226747053,0.0032580364900085534,1.2635389976205786,1.6321546231333288,1.0688858588386914
20250923,-0.00989348701034601,-0.008100452944521842,0.0006494912318684154,1.251038190960554,1.6189334314104535,1.0695800908318753
20250924,0.0022321337609973496,0.00820056694603798,0.008870618779749151,1.253830675542894,1.6322096033959137,1.0790679280720543
20250925,-0.011220093019722934,-0.006211366500949378,0.0068625348488098314,1.2397625787323208,1.6220713513428526,1.0864730693326818
20250926,0.002074196124162779,-0.008554988437020293,-0.009371671991480368,1.2423340894680095,1.6081945496880927,1.076291000099319
20250929,0.013164395481181795,0.010457000717669605,0.01655557944528052,1.2586886667415202,1.6250114412483334,1.0941096212577037
20250930,-0.004082228287102949,0.0015344850628920674,0.0027495769881555887,1.2535504122614922,1.6275049970319575,1.0971179598948335
20251009,0.0036248595733077943,0.009895312333122977,0.015819447373971895,1.2580943564740021,1.643609667301307,1.1144737597244292
20251010,0.01550211830865527,0.004625487712014447,-0.02014119601328901,1.2775974840315136,1.6512121636207573,1.0920269252781523
20251013,-0.016703657148390637,-0.00479704822118938,-0.005721551176096629,1.2562569336846048,1.643291219248454,1.0857788373394979
20251014,0.01629287556660548,-0.005850163552188717,-0.010017050298380403,1.2767249715848132,1.6336776968519748,1.0749025361129512
20251015,0.016674040080075253,0.008698814937781692,0.013132400430570623,1.2980131349322515,1.6478887568048717,1.0890185866410222
20251016,-0.0054898194749773074,-0.004792035079135893,0.003187420314492151,1.2908872771453241,1.639992016075749,1.0924897466069414
20251017,-0.011585939181397265,-0.027113053440797744,-0.020546494386782577,1.275931135662279,1.5955268249014056,1.0700429121606645
20251020,0.015092708472596512,0.010680560102930222,0.0034602076124568004,1.2951883923239387,1.6125679450506025,1.0737454827909783
20251021,0.007647700934942169,0.01927897762276321,0.015086206896551824,1.3050936058028408,1.6436566063784186,1.0899442292986008
20251022,0.0022611308128203706,-0.005030253303930332,-0.0031847133757960666,1.3080445931685365,1.6353885973036566,1.0864730693326818
20251023,-0.012906526033559927,0.00028048786616272515,0.003833865814696358,1.2911622815737496,1.635847303961661,1.0906384612917845
20251024,0.008276495200417289,0.006534832352015883,0.012094207511139432,1.3018485800001545,1.6465372918465475,1.1038288691622773
20251027,0.006562672140086212,0.0070388238147372825,0.011740041928721245,1.3103921854067322,1.65812697774825,1.1167878663683755
20251028,-0.0007118058635511901,0.0013721848625129953,-0.004973062577704246,1.309459440565608,1.6604022344872404,1.1112340104229048
20251029,-0.004023219818512663,0.0013271259748616425,0.012494793835901685,1.304191197392786,1.6626057974213468,1.1251186502865813
20251030,-0.021355573200421616,-0.010168728422577164,-0.00802139037433136,1.2763394468095188,1.6456992105935668,1.116093634375192
20251031,0.019968028398515476,0.01042380147927239,-0.013891768608749744,1.3018254291295568,1.6628536524593893,1.1005891198607531
20251103,0.018253019452339855,0.01031384372792831,0.0014718250630780805,1.3255876740110093,1.6800040651732702,1.1022089945115152
20251104,0.009069590708963767,0.0035267621922840547,-0.007138358177619208,1.3376102116631363,1.6859290399932068,1.0943410319220985
20251105,0.015546202625287144,0.0033023657850685287,0.0012687671812223744,1.3584049710473045,1.691496594370934,1.0957294959084662
20251106,0.0005658954245587295,-0.004134163051968486,0.014783526927138135,1.3591736862051178,1.6845036716479551,1.1119282424160886
20251107,0.0084016407469387,0.0018714570167071734,-0.002081165452653466,1.3705929752293056,1.6876561478639296,1.1096141357721425
20251110,0.012901419195826828,0.004991817558539129,0.0025026068821691894,1.3882755697495943,1.696080619455613,1.1123910637448782
20251111,0.006462142862951003,0.010428544693567732,-0.009153318077803285,1.3972468048144608,1.7137682719995,1.1022089945115154
20251112,-0.012249288098585883,-0.008632143410517927,0.000419903422212764,1.38013152615746,1.698974778503205,1.1026718158403046
20251113,0.01811950511818593,0.01658636712383397,0.009863588667366363,1.40513882640944,1.7271545979135936,1.1135481170668513
20251114,0.007416434687689883,-0.0057765120508718945,-0.01475477971737349,1.415559946742643,1.7171776685650268,1.097117959894834
20251117,-0.0019027263899720104,0.005887288576443978,-0.006538704914574867,1.4128665234753883,1.7272871890368946,1.0899442292986012
20251118,-0.005604424673737887,-0.013450646054220246,-0.005732484076433231,1.4049482194705245,1.7040540604231704,1.0836961413599466
20251119,-0.0164468770898651,-0.012239762279544483,0.002989536621823774,1.381841208787268,1.6831968438120983,1.0869358906614712
20251120,-0.012689905829668204,-0.008556389586335734,-0.0044709388971685415,1.3643057739762028,1.6687947558659513,1.0820762667091843
20251121,-0.03413067447816572,-0.039022667880316844,-0.02395209580838331,1.317741097715939,1.6036739323473799,1.0561582722969882
20251124,0.00733864790906058,0.013807181247603096,-0.0015337423312882237,1.327411535667375,1.6258161489933565,1.0545383976462261
20251125,0.014007814275274939,0.014775376715839755,0.008777704630239302,1.346005669925861,1.6498381950654293,1.0637948242220105
20251126,-0.010008227625720127,-0.005661300951600615,0.006308462040461205,1.3325345387957328,1.6404979645217181,1.070505733489454
20251127,0.0035253872277518235,0.0033424133876944324,-0.0008646779074796829,1.3372322390393414,1.6459811868808212,1.0695800908318753
20251128,0.02298418040747343,0.01343077541639806,0.0028126352228472484,1.3679674260681114,1.6680879905414339,1.0725884294690051
20251201,-0.008230769783697491,0.007803966337839501,0.011218985976267692,1.3567080011125474,1.6811056930681736,1.084621784017525
20251202,0.022978426438246668,0.00019540151172236933,-0.00448047791764461,1.3878830161142928,1.681434183661964,1.079762160065238
20251203,0.0010667424705325316,-0.00697751549561792,-0.004500642948992772,1.3893635298717129,1.669701950590601,1.0749025361129512
20251204,-0.03015023745938036,-0.012177894080331488,0.00258342303552217,1.3474738895286777,1.6493684970905858,1.0776794640856866
20251205,0.015979779261356318,0.011306051572774516,0.008803951041443048,1.3690062248437873,1.6680163423812016,1.0871673013258656
20251208,0.00044792885889975015,0.010022072182677413,0.007237122179650779,1.3696194422399082,1.6847333225664314,1.095035263915282
20251209,-0.0024337606564400972,-0.00918060860497284,-0.00507185122569731,1.3662861163270892,1.6692664453281936,1.0894814079698116
20251210,-0.0012305320008787284,0.004453138371789463,-0.0012744265080714134,1.3646048575385923,1.676699919788625,1.088092943983444
20251211,-0.031049383267548775,-0.020847248697285638,-0.007230965546575985,1.3222347183081178,1.6417453395700727,1.0802249813940272
20251212,-0.0074311026663509226,-0.0011434144500046671,0.005569837189374427,1.3124090563673565,1.6398681442255805,1.086241658668287
20251215,0.012978267567031928,0.002556817904089487,-0.005752023860247202,1.329441852258288,1.6440609884570825,1.0799935707296326
20251216,-0.011496794587762366,-0.015222255554850038,-0.010070709235054598,1.3141575323665002,1.6190346719430295,1.0691172695030862
20251217,-0.0007446342611994282,0.005002219225070194,0.01709956709956706,1.3131789656432868,1.6271334383050784,1.0873987119902602
20251218,-0.005571522236305605,0.0003454828529255614,-0.006597148329431812,1.3058625598359563,1.6276955850074344,1.0802249813940272
20251219,0.02528394717779091,0.016799176131134935,0.004284490145672448,1.3388799198203034,1.655039529827845,1.084853194681919
20251222,0.004379554757778082,0.006971218397543404,0.008959044368600955,1.344743617743246,1.6665771718468425,1.0945724425864929
20251223,-0.011066399094159912,-0.0064429907398837645,0.0021141649048626032,1.3298621481899746,1.6558394305613318,1.096886549230439
20251224,0.014451126352174583,0.011393034216351731,0.0035864978902953037,1.3490801541244422,1.6747044658505015,1.1008205305251473
20251225,0.004580154372878156,0.009057650141492606,0.001891948707168467,1.3552591494917183,1.6898733529925705,1.1029032265046987
20251226,0.003297939001639448,0.0007674411739913892,0.003776751993285643,1.3597287114981558,1.6911702313824877,1.1070686184638014
20251229,-0.0031387906889425673,-0.0007032369295219159,-0.004389632107023367,1.3554608076790176,1.6899809380216715,1.1022089945115148
20251230,-0.008627571993275908,0.0004191063368373807,0.002099517111064486,1.3437664719767028,1.6906892197419305,1.1045231011554608
20251231,-0.002401917236659016,-0.004633749731523893,-0.004190236748376153,1.3405388561256175,1.682854989023861,1.0998948878675687
20260105,0.00603666677848485,0.013119363842942919,0.019145802650957222,1.348631242503659,1.7049329759197769,1.120953258327478
20260106,0.016606167540806502,0.011153864235835087,0.015483071841453144,1.371026838867441,1.7239495668643843,1.1383090581570732
20260107,0.008677113403262342,0.0011872971434501167,-0.0036592803415327335,1.3829233942272101,1.7259964072605745,1.1341436661979702
20260108,0.017193973078900825,0.01124389805444757,-0.007753519689859045,1.406701341837735,1.745403334906155,1.1253500609509755
20260109,0.010583137733618712,0.010522727636991195,0.004523956405510843,1.42158865588847,1.7637697388160687,1.1304410955676567
20260112,0.019348473354608046,0.01551320985276914,0.005731832139201698,1.4490942261181412,1.791131468906286,1.1369205941707057
20260113,-0.027052057243959315,-0.010285112408111741,-0.0034602076124568004,1.4098932461613023,1.7727094804108787,1.1329866128759973
20260114,0.0007751706170053831,0.0044607626703209655,-0.006127450980392246,1.4109861539788409,1.7806171166864198,1.126044292944159
20260115,-0.016036918240059754,-0.006253690859230398,0.0018495684340322782,1.3883582843896258,1.7694816877000086,1.1281269889237107
20260116,-0.009063387422687785,-0.0032776773582430924,-0.0032820512820513903,1.3757750553767045,1.7636818976364084,1.124424418293397
20260119,0.019283219418700058,0.011956982907817399,0.0264251764416239,1.4023044276403076,1.7847702119412738,1.1541375319420701
20260120,-0.0069294782370710895,-0.005352229970536955,-0.0029548332629802943,1.3925871896272255,1.7752177113224001,1.1507272479726338
20260121,-0.0015042464775973932,0.006754057472193584,0.0012701100762066986,1.3904923952524815,1.7872076337703275,1.1521887982452494
20260122,0.01264414446098671,0.011993636777497995,-0.0006342494714588476,1.408073981969957,1.8086427529757405,1.1514580231089415
20260123,0.008807495417323367,0.013275036388389144,-0.004865665326845847,1.4204755871134098,1.8326525513350898,1.1458554137305819
20260126,-0.014149152878887638,-0.013469237972382865,0.001700680272108901,1.4003770608706145,1.8079681180004628,1.1478041474274026
20260127,-0.0032609675581431415,-0.006152610681544473,-0.0004244482173173525,1.3958104767059476,1.7968443940457612,1.1473169640031975
20260128,-0.011611476696742926,-0.0026088334615791972,0.0031847133757960666,1.379603055882607,1.7921567262653235,1.1509708396847362
20260129,0.005108606675684812,-0.001390196740836389,0.009100529100529053,1.3866509052636842,1.7896652758254015,1.1614452833051476
20260130,-0.0013770700149506373,-0.002662055369586878,-0.011954697986577001,1.3847413898808414,1.7849010877681273,1.1475605557153001
20260202,-0.009840509646403896,-0.023545136392141723,-0.023561876459350595,1.3711148288759443,1.7428753482101447,1.1205218756719124
20260203,0.016554175367168026,0.01843489158034125,0.013913043478260834,1.3938125042016813,1.7750050662924481,1.1361117452464782
20260204,0.01562782815480711,0.006260012053931406,0.009219554030874821,1.4155947664973665,1.786116619403228,1.1465861888668896
20260205,0.0011191232305895523,-0.00617660422717966,-0.0059485872105374815,1.4171789914856547,1.7750844839415862,1.1397656209280171
20260206,-0.0024988873452823734,0.005950833194688269,-0.006411626415900873,1.4136376208378312,1.7856477156120019,1.1324578695649394
20260209,0.014836223583812518,0.014634461753619724,0.016777801677780202,1.43461066464707,1.8117797088115644,1.1514580231089415
20260210,-0.012084116651688665,-0.0015121719111202527,0.0012693039983073806,1.4172746620257182,1.809039986426762,1.1529195733815567
20260211,-0.0033846763041246964,-0.004204955525521142,-0.0021128248468200717,1.4124776460607233,1.8014330537399479,1.150483656260531
20260212,-0.009632666138993466,-0.002442181279534814,0.0008469193309337264,1.398871720467429,1.797033627659769,1.1514580231089413
20260213,-0.008095328559114576,-0.007726972573293789,-0.01184683731753755,1.3875473942781913,1.7831479981055551,1.1378168872311962
20260224,0.008134727230278426,0.013181903763974236,0.009633911368015502,1.3988347138497281,1.8066532834135058,1.148778514275813
20260225,0.00911908791734757,0.009644566088868226,0.007209499575911771,1.4115908105871615,1.824077670405058,1.157060632487301
20260226,-0.0016018646969733516,-0.0029430466497018036,-0.0031578947368420263,1.40932963310111,1.8187093247283765,1.1534067568057622
20260227,0.007984207151757416,0.0028990351705514626,-0.0021119324181627652,1.4205820128368998,1.8239818270257742,1.1509708396847362
20260302,-0.03514541886954776,-0.018280685503852978,0.002962962962963056,1.3706550629572016,1.7906381888811729,1.1543811236541726
20260303,-0.030266175039740807,-0.03190085613690391,-0.012871913905887267,1.329170576902632,1.7335152976244286,1.1395220292159147
20260304,-0.0007753244482947564,-0.00657068712804419,-0.014536126549807515,1.3281400384584054,1.72212491097206,1.1229577927929388
20260305,0.01958934264236334,0.013864059529133617,0.009544468546637708,1.3541574287488087,1.7460005532543807,1.1336758281254526
20260306,0.03359672012437656,0.016731584995059116,0.0027932960893852776,1.3996526768868278,1.7752139099125765,1.136842520382786
20260309,-0.001401141787829209,-0.00954946015075138,-0.008142275551746292,1.3976915650327946,1.7582615754208069,1.1275860353228877
20260310,0.014940816295252964,0.01647578651381657,0.01166558651976679,1.418574217943374,1.7872303177728868,1.1407399877764277
20260311,-0.0022049659218242056,0.0005526343067111486,0.005979073243647326,1.4154463101352306,1.7882180025604821,1.1475605557153004
20260312,-0.017826306476761138,-0.005110883285230647,-0.0036085756739547836,1.3902141304093594,1.7790786290608471,1.143419496609556
20260313,0.01615402493769159,-0.0034633461639197627,-0.0036216446527481683,1.4126716841407236,1.7729170639155776,1.139278437503812
20260316,-0.01433728576147369,0.0012466695272856446,0.0006414368184735064,1.392417806518056,1.775127305593566,1.14000921264012
20260317,-0.008364335148395456,-0.015384707081072764,-0.007264957264957239,1.3807711573177452,1.747817491965395,1.131727094428632
20260318,0.0011776156991481941,0.007936771537760338,0.0034438226431339203,1.3823971751095334,1.7616895200888256,1.1356245618222733
20260319,-0.03223852728827169,-0.024640462065205454,-0.013513513513513487,1.337830726056535,1.7182806762984069,1.1202782839598102
20260320,-0.03349403622944817,-0.025953343828001053,-0.00500108719286807,1.2930213752491284,1.673685547113424,1.1146756745814506
20260323,-0.04222186630979141,-0.049675921599819386,-0.03190559440559437,1.238427599607657,1.5905436750922668,1.0791112846144726
20260324,0.037413131485452,0.035917335701647776,0.01106094808126401,1.284761054226991,1.6476717662186884,1.0910472785074994
20260325,0.016728206193992987,0.019908810958221453,0.014512167894619399,1.306252802052112,1.6804749519335351,1.1068807397941678
20260326,-0.018856097963647907,-0.015978544888880987,-0.012323943661971648,1.2816219712513277,1.6536234074794252,1.093239603916423
20260327,0.014697835133388643,0.013143460346073766,0.004456327985739694,1.3004590396881082,1.6753577411629705,1.0981114381584747
20260330,0.0012142467455867993,0.0009209627714777352,-0.0017746228926354135,1.3020381178448186,1.6769006832714886,1.0961627044616538
20260331,-0.011575277362040852,-0.013857671715691477,-0.00822222222222213,1.286966665494815,1.6536627441028935,1.087149811113858
20260401,0.007929666432558527,0.01260906991373455,0.015908581671521427,1.297171881862011,1.674513893257025,1.1044448226731418
20260402,-0.023864124021180256,-0.018102720879027506,-0.009925011027790087,1.2662160111964682,1.6442006356393393,1.0934831956285251
20260403,-0.0353128128524542,-0.0282317660418102,-0.007796836711962518,1.2215023621623062,1.5977819479681739,1.0849574857049347
20260407,0.01808187009307844,0.0172285079631799,-0.0017961383026494637,1.2435894091933135,1.6253093469821687,1.0830087520081138
20260408,0.03975729553367465,0.0375811637496795,0.03508771929824572,1.29303116085716,1.6863903636949902,1.121009059096118
20260409,-0.019080539979235867,-0.010651362315925225,-0.006518904823989646,1.2683594280980273,1.66842800892519,1.1137013077330402
20260410,0.011707989514003203,0.007970487710766444,0.01531058617672798,1.283209366982186,1.6817261938666268,1.1307527275802216
20260413,-0.0006897157106735246,0.0004718145020213043,0.0021542438604049696,1.282324317321695,1.682519656673322,1.1331886447012474
20260414,0.012872241141971627,0.008727094886516337,0.012897678417884695,1.298830705156474,1.697203165365539,1.1478041474274026
20260415,-0.008830078513128115,-0.006246526323035864,-0.0038200339558573937,1.2873619280546809,1.6866015411175435,1.1434194966095559
20260416,0.00959165604038348,0.015351796602234843,0.011077971878994619,1.2997098608680662,1.7124939049257957,1.1560862656388908
20260417,-0.004415681950785172,0.0010955406512707315,-0.001474926253687503,1.2939707554941735,1.7143700116136953,1.1543811236541726
20260420,0.004941808554053724,0.009194742955615636,0.005486389533656766,1.30036531124237,1.730133203201299,1.1607145081688397
20260421,-0.001477784475999808,-0.0044971762780067395,0.0023084994753410637,1.2984436515722875,1.7223524892020703,1.1633940170019683
20260422,-0.001035120271987317,0.004754885737263131,0.0073283082077051365,1.2970996062265119,1.730542078487517,1.1719197269255588
20260423,-0.006513826238775289,-0.012349577107916529,-0.00207856994387845,1.2886505247771685,1.7091706156507414,1.169483809804533
20260424,-0.012508059523931202,-0.0036910148704347705,-0.003957508852322489,1.2725320073077104,1.7028620414922644,1.1648555672745837
20260427,0.011297433652664326,0.008039023798795656,0.0,1.2869083532311612,1.7165513899698865,1.1648555672745837
20260428,0.001319778827093201,-0.007695915825727989,-0.0025094102885823144,1.2886067876281648,1.7033409549621419,1.1619324667293525
20260429,0.013789471450227717,0.014431886465873008,0.010691823899371178,1.3063759941367332,1.7279233782368273,1.1743556440465848
20260430,0.005035433774732479,0.003975307609703883,0.000622277535780924,1.312954163940109,1.7347924051913175,1.1750864191828925
20260506,0.019914398875686933,0.01644196051099366,0.013266998341625147,1.3391008568663063,1.7633157934122448,1.1906762887574582
20260507,0.00965612237794428,0.011470501119715407,0.004909983633387904,1.3520313786166174,1.7835419091949918,1.1965224898479203
20260508,0.010000007634615726,0.008411115951056758,-0.005293159609120468,1.3655517027250237,1.7985434869968,1.190189105333253
20260511,0.0026850681131380468,0.004649939956579718,0.016373311502251298,1.369218302058852,1.8069066062206327,1.20967644230146
20260512,-0.005434401469271998,-0.01076715117623641,-0.000604107933950937,1.3617774201063892,1.7874513696301149,1.2089456671651522
20260513,0.011147983225327295,0.009653852013878408,0.010880515817046188,1.376958491942365,1.8047071606345284,1.222099619618692
20260514,-0.012958037304629482,-0.017492031287336812,-0.015148495116603655,1.3591158124368494,1.7731391665162286,1.203586649498895
20260515,-0.0027012318565112162,-0.0006051311280590655,-0.012750455373406022,1.3554445255076069,1.772066184812189,1.188240371636432
20260518,-0.0025668499542708316,-0.0038291552217152385,-0.005330053300533044,1.351965302789291,1.7652806683273905,1.1819069871217647
20260519,0.006301518547276362,0.008168236846912268,0.00350370981038739,1.3604847372200919,1.779699898927564,1.1860480462275087
20260520,-0.006552060807614351,-0.009580779023663315,0.0004107619634421411,1.3515707584939947,1.7626489874675033,1.1865352296517138
20260521,-0.025124855738711916,-0.024397494392560917,-0.012933689180866459,1.3176127381661715,1.7196447686797118,1.1711889517892504
20260522,0.013822067113947945,0.016584604736628945,0.011231281198003318,1.335824869863297,1.7481643974556766,1.1843429042427902
20260525,-0.012613238908208868,-0.005471776625474585,0.015425750719868514,1.3189757916401843,1.7385988323681918,1.2026122826504846
20260526,-0.016142936968372358,-0.013599296572252065,0.007089325501316468,1.2976836485729277,1.7149551112266455,1.211137992574075
20260527,-0.0028388722158409364,-0.023547818503053406,-0.008045052292839805,1.293999690518043,1.6745716595265967,1.2013943240899716
20260528,-0.005426600252281194,0.0005728230059969389,0.0,1.2869776714710262,1.675530892698364,1.2013943240899716
20260529,-0.017063628162600885,-0.026883049601526057,-0.0018248175182482562,1.2650171630314746,1.6304875126010647,1.1992019986810483
20260601,0.02361006527027062,0.016196326299845295,-0.011172049563274444,1.2948843008186603,1.6568954203829747,1.1858044545154058
20260602,-0.024562133429567867,-0.012674008338895818,0.013968775677896339,1.2630791798460999,1.6358959140083624,1.2023686909383817
20260603,-0.008213584923672902,-0.005941711052199825,0.005875202593192741,1.252704771737111,1.6261758931758503,1.2094328505893566
20260604,-0.0019472019031072634,-0.007391800421747528,-0.00785498489425962,1.2502655026215528,1.6141555255228375,1.1999327738173557
20260605,0.009957285701727131,0.0086054837722053,-0.01684937068615522,1.2627147534341692,1.6280461147035399,1.1797146617128407
20260608,-0.038194876214933116,-0.02506564372504503,-0.021474292793722927,1.2144855197319813,1.5872380908244372,1.1543811236541714
20260609,0.007511608439918393,0.009850011321320042,0.018358303439544255,1.223608259412159,1.6028724039886884,1.1755736026070969
20260610,-0.022515199104344963,-0.011859083903359451,-0.008702859510982153,1.196058475825773,1.5838638056634071,1.1653427506987881
20260611,-0.0013502216042486264,-0.008980240125902504,-0.0068979933110366876,1.1944435318317685,1.5696403283618239,1.1573042241994027
20260612,0.024959401411360677,0.013855557322229782,0.014102294253841352,1.2242561274059611,1.591388569906725,1.1736248689102762
20260615,-0.00031341441138035917,0.01774177518945668,0.020963055209630488,1.2238724278924114,1.619622628153081,1.1982276318326377
20260616,-0.00014030838381810318,0.00663162332928304,-0.0018296401707663668,1.2237007083300542,1.630363355358576,1.1960353064237144
20260617,-0.00916186789004537,-0.007770444241114133,0.009775967413441888,1.2124893241033794,1.6176947078130062,1.2077277086046385
20260618,-0.0007009427100816423,-0.0020043744266142987,0.005244050020169366,1.2116394385505973,1.6144522419105964,1.2140610931193059
20260622,-0.008819732630096331,0.004718893685830745,0.021468699839486405,1.200953102658501,1.6220706704010235,1.240125406314283
20260623,0.006446064602366896,0.0012016793683939388,-0.02926733451188368,1.2086945239426508,1.6240198792597214,1.2038302412109971
20260624,-0.0116352710512104,-0.012480564814820802,0.005058680696074402,1.1946310355384642,1.603751193896063,1.2099200340135619
20260625,-0.008422057345193764,-0.01024474749737634,0.016307630360378633,1.184569784450811,1.5873211678659818,1.2296509626938719
20260626,-0.02962938593811059,-0.02446957711779047,-0.027931854199683026,1.1494717091366935,1.5484800901381839,1.1953045312874067
20260629,-0.0029840500820870705,-0.0027698744151690245,0.010597106174852211,1.1460416279886874,1.5441909947541115,1.2079713003167412
20260630,-0.0011444297063937024,0.007265246886527336,0.012099213551119314,1.1447300639048532,1.5554099235709522,1.2225868030428968
20260701,0.025951699811203703,0.016523129960125164,-0.004184100418409997,1.174437754888172,1.5811101638793834,1.2174713770887424
20260702,0.015359277249592974,-0.0009098027944481871,-0.029611844737895243,1.1924762699778888,1.5796716654339555,1.1814198036975592
20260703,0.0010235818288311903,0.011960508690153939,0.005360824742268067,1.1936968670191506,1.5985653421159685,1.1877531882122265
20260706,-0.00560671512091275,-0.011427692762825063,0.0002050861361770906,1.1870041487450482,1.580297428524967,1.187996779924329
20260707,-0.019103944412981307,-0.02393765943470177,-0.010457248308386347,1.1643276874694446,1.5424688068754013,1.1755736026070969
20260708,-0.015226216858921914,-0.016915190342496514,-0.0058019063406548055,1.1465993816051878,1.5163776534097404,1.1687530346682244
20260709,-0.003307395827702261,-0.0008803217632051179,0.02459358065860795,1.1428071235944208,1.515042753160206,1.1974968566963302
20260710,0.013494339560594176,0.009407265789310526,-0.01769731489015469,1.15822855097247,1.5292951630213527,1.1763043777434048
20260713,-0.03358833429139392,-0.043296462585700454,-0.017601987989231627,1.1193255832165698,1.463082092213106,1.1555990822146849
20260714,0.015388948920148686,0.01616080312320436,0.019603709949409742,1.136550827441705,1.486726673858448,1.1782531114402257
20260715,0.0015132113552116314,0.004798210366057594,0.00020673971469920005,1.1382706690595652,1.4938603011964497,1.1784967031523284
20260716,-0.0027059775786804777,-0.0018619395667037477,-0.017569243489044983,1.1351905341506203,1.491078823594524,1.1577914076236084
20260717,-0.044485372673879454,-0.04468224442059497,-0.03450452345886801,1.0846911601830698,1.4244540751483004,1.1178423668387838
20260720,-0.020246000618913147,-0.01795847575077634,0.01329265635214627,1.0627305022826736,1.398873051181655,1.1327014612770416
20260721,-0.003968245873598545,0.01001496288539161,0.0294623655913977,1.058513326352243,1.4128827128706138,1.1660735258350963
20260722,-0.005995309033707688,-0.00939454370151319,-0.0045957802381451085,1.0521672118444634,1.3996093244794383,1.1607145081688393
20260723,0.02044530425229264,0.021599414153365817,0.004616998950682127,1.07367909061491,1.4298400659317823,1.1660735258350963
20260724,-0.027259936424049013,-0.026547367361615126,-0.017965322749112222,1.044410666864917,1.3918815764331351,1.1451246385942735
20260727,0.03695193276360252,0.031016941392492493,0.011061476281642335,1.0830036596044985,1.4350534857146517,1.1577914076236082
20260728,0.02078540636549318,-0.0039373413340446075,-0.026509572901325607,1.1055143307646942,1.4294031903087827,1.1270988518986818
20260729,0.015947449861533586,0.015314824791256614,0.0064836827317917844,1.123144465125771,1.451294249724425,1.1344066032617597
20260730,-0.018949762137869856,-0.015114175026435396,-0.011165986686708207,1.1018611446651725,1.4293591344192307,1.121739834232425
20260731,0.02069483149966907,0.022750652301994894,0.010423452768729469,1.1246639753900507,1.461877987101083,1.1334322364133491
20260803,0.01662873572110332,0.01516137564316669,-0.011605415860734936,1.1433657154118573,1.484042068407999,1.1202782839598093
20260804,0.01412869318907723,0.015595867003152752,0.011306805827353772,1.1595199788078212,1.507186991133974,1.132945052989144
20260805,0.00662466696534957,0.014054909321190608,0.013545474091593235,1.1672014125070922,1.52837036762444,1.1482913308516072
20260806,0.0063796478492480595,0.002466699336805914,-0.0010606703436574216,1.1746477464880325,1.532140397796653,1.147073372291094
20260807,0.009146330132813478,0.003724126650637957,0.00891909110214506,1.1853914625671773,1.5378462826846067,1.157304224199403
20260810,0.028207656057887817,0.023512217372627146,0.0016838560303094052,1.218828577237229,1.5740044587687738,1.1592529578962236
20260811,0.0012109608612338953,-0.00400592720162026,-0.006513973523849748,1.2203045309408165,1.5676991114919203,1.151701614821043
20260812,0.016475499262201102,0.012157065053259496,0.004230118443316444,1.2404096573399925,1.5867577315742645,1.1565734490630948
20260813,-0.010595804864350895,-0.014100758167243814,-0.00400168491996622,1.2272665186589617,1.5643832445313315,1.1519452065331457
20260814,-0.0037649319530313223,-0.0034171454972139513,-0.0006343835906111872,1.222645943727977,1.5590375193713644,1.1512144313968378
20260817,0.01885444386240612,0.018923049567390854,0.01586965721540423,1.2456982530375948,1.5885392636278508,1.1694838098045321
